Name,dipole_Boltzmann_Debye,dipole_moment_Boltzmann_average,dipole_moment_Boltzmann_std,dipole_moment_Boltzmann_skewness,dipole_moment_mean,dipole_moment_std,dipole_moment_skewness
PR07117,5.1948830819782295,2.0438246315635906,0.0308083449854637,1.2253573273066105,2.0560666308,0.0356953190747436,0.3847132763606881
06121KW,8.453158491411608,3.3257290427177257,0.0318177574241419,1.0591054141944716,3.3366907278,0.0358455570782998,0.3518482571374728
06129KW,4.979179441593924,1.958960274391668,0.0151754554311719,-0.7161362336976755,1.9501404923,0.0282102123105335,-0.3036658430060102
06128KW,5.442039920614297,2.14106363130474,0.3745460544518472,-0.9321337443468184,2.109298078,0.3794275714883893,-0.8381327804323181
06115KW,5.799958933055594,2.281879831051409,0.337774505722664,0.5541489018264698,2.1603486505,0.2845921326099,1.466827089030814
06119KW,5.985134768138455,2.35473362331974,0.2171749093988194,-3.1771356706885587,2.2366768635,0.3300961089862314,-1.4574166650060965
06120KW,5.834734272338913,2.2955615047053928,0.335725064851917,0.5787330245618951,2.1782102474,0.2846198779845453,1.4522287017506754
07007KW,5.53266616460939,2.176718745543178,0.3800272162496935,-0.7598009039860267,2.2623579213,0.3220389569940217,-1.4576231506005712
MJ01056,5.646695102569141,2.2215811896897413,0.2832260159570329,1.3545591545490443,2.1393399888,0.213321558469734,2.4376352863637742
MJ01064,5.536925582131487,2.178394529638873,0.2948438030866393,1.42294084952054,2.3414577352,0.3808222820891646,0.0023183114453016
MJ01071,6.106543619035114,2.402499549142642,0.2316119410336644,-0.1547506369371387,2.4048724326000004,0.2389705548957377,-0.3348004288303967
MJ01077,6.443803427778144,2.5351877912970626,0.2822361606767853,-1.1867264828670798,2.5414631083,0.3083666595561902,-1.179955363436317
MJ01073,6.333025368580918,2.491604341496325,0.2176897272973043,-0.8320320855632095,2.4738335423,0.2285694080044899,-0.6853839527579193
MJ01075,5.916664263344068,2.3277952491492337,0.3809932847677851,0.3097479601822243,2.4477544101,0.3744892317286274,-0.3797372477159693
MJ01066,6.573357850665774,2.586158432300385,0.140387775664551,-2.3933844338628263,2.5278888378,0.2025591499601415,-1.222128811998865
MJ01041,6.085686900849487,2.3942938833579306,0.3505594007168284,-0.1134581857727418,2.4351868138,0.3569147219279743,-0.2554565050152681
RT08062,6.354519572766802,2.500060813616625,0.0006224414206676,0.0304378309675543,2.5000702865,0.0006225134999999,1.0700291474760253e-12
RT08050,5.658350937779933,2.2261669489319287,0.2125181064787773,1.1437551933409449,2.429209054666667,0.2308270091951389,-0.7058070768434447
RT08049,6.155212775065426,2.421647471881701,0.404221559717702,0.2872345535260813,2.5235324318,0.3958678032055648,-0.3551549575192122
07031KW,6.0737304260384,2.389589843374751,0.2493330514250931,0.6491825347776146,2.4089401724,0.2566657835308245,0.4952282135557578
PR10004,6.210231972014257,2.443293693395901,0.3260741954711725,-0.1737837093891071,2.4721353893999995,0.3606363438829538,-0.2089183020535792
01031MR,6.512382880496565,2.562169028886665,0.2854989737069745,-0.43896410754498,2.5439497529,0.2843140098083943,-0.2689489916101934
08141KW,6.2142674450543804,2.444881370937293,0.3135174063313448,0.2528497516053376,2.4623416661,0.3334087134415841,0.2134981796119506
PR09089,6.5403657666256585,2.573178345367971,0.7131693713340587,0.4854470568803634,2.3164639347,0.5850875452233422,1.473400130650342
06107KW,5.910272862441914,2.3252806781015547,0.9623128079211336,-1.0620485591760616,2.2220339799,1.0081150360543,-0.8661896629512437
06101KW,5.175681336897053,2.036270082414629,0.0883934234867735,-0.7493704712952056,1.9907804186,0.0928374392731392,-0.3856874184232755
06100KW,6.0648691298742685,2.3861035405875604,0.18870283468375,-0.2980337814155147,2.4061990713,0.1749282126969414,-0.5174158030865184
07094KW,6.945370071486149,2.7325193278502846,0.2728377663407348,-1.6184992979100772,2.4976413644,0.3929644073711772,-0.5511279539267706
07088KW,5.514891058598439,2.169725479492616,0.2874305120496807,-2.5809141688977904,1.9724529399,0.4433277101829353,-0.8690654197091853
07099KW,4.957168748715882,1.9503005999481784,0.590120931583864,-0.4007702083082182,2.0085016166666665,0.566780931381262,-0.6905972913907579
AF01009,6.254539464723642,2.4607256054395847,0.20111489034522,-2.199463484024093,2.3120388110000003,0.3183869694432563,-0.3830816420621074
RT09068,6.724171193522944,2.645492977474124,0.3029042971176662,-0.928749156079882,2.5416449662,0.3501311510465963,-0.498101148981857
06131KW,6.154913316496201,2.4215296557941675,0.2030807494054055,-0.3428367412390997,2.4442565957,0.1859636617993907,-0.5693334171044168
07004KW,6.841404543713455,2.691616134622994,0.2722912288253087,-1.1254988250290037,2.5539685923,0.3399398245436508,-0.4969441257951417
07056KW,6.166005234747861,2.4258935529938324,0.1851029372290312,-0.3510744218158873,2.4195337687,0.1769907373463096,-0.2143182680196356
07080KW,7.113953711592676,2.798845247161863,0.1974134953937886,-1.885729515080626,2.6634319659,0.3000707335068161,-1.124231706520595
07129KW,4.831410572872602,1.900823517720733,0.6892013046277663,0.4734732230049218,1.6257699199000002,0.5929065930595222,1.500501342192629
08116KW,5.427510688381665,2.135347390487352,0.1838147136324844,-0.1196962026325566,2.1570045928,0.1802020846978921,-0.3635378596131196
08117KW,4.795432772917124,1.8866687595523408,0.4623335412179325,0.2137035098877259,2.0347299108000003,0.4510133839470938,-0.4161924328841122
08118KW,5.977216128949841,2.351618190389536,0.6048158515891618,-1.3155985632932383,1.7981692505000002,0.7180086480280901,0.406356300853416
08119KW,5.057260369765004,1.9896796807253767,0.515543343489014,0.3377217387332813,2.2484293399000004,0.4557479808627562,-0.7674131163677588
08123KW,6.399026152480201,2.517571052528538,0.8577306717610901,-0.4208066031391791,2.3165204295,0.8172117851455545,-0.1869074701249861
08125KW,6.142289768879062,2.4165631691282536,0.4454681315972923,-1.0555094501102753,2.4468762544,0.3925441454364671,-1.3904263313052547
08128KW,6.3094698679813215,2.482336892821439,0.0915528202576979,-0.2008857592296551,2.490713131,0.0907102593994307,-0.1406853739186932
08131KW,5.323607907064276,2.094468883619479,0.2983245631623901,-0.7830213434334392,2.0849907953,0.3191741479489116,-0.2254916037366353
09079KW,3.285317766650296,1.292543695023144,0.7859024312643025,-0.5802694576114842,1.2857763619999998,0.742148862577911,-0.470547954129009
09078KW,6.202583636866766,2.4402846062772467,0.1293003120832248,-2.001893081115237,2.3347403473,0.1934885573217946,-0.5653235512165086
07038KW,8.712545428045813,3.4277797341063243,0.1264503488704759,0.3085772564031414,3.4547436545,0.1319806351841328,-0.029195668691251
07036KW,7.14667346775138,2.811718192042549,0.1233552677093148,1.0755143036523167,2.8320965067,0.1249135726383065,1.0042162520561264
07039KW,8.325164440141855,3.2753722992548644,0.1415564681204779,0.667537938965441,3.2882786016,0.1393223926821039,0.5219209749836148
07035KW,5.831451432908064,2.2942699360628738,0.307113126583771,-0.1180104162401652,2.3283062273,0.2885712040923193,-0.2982690218373579
Acid1,4.165560834065929,1.6388580267524488,0.2337980055862046,-0.4133285841030605,1.7192753637,0.1965424696271252,-1.2147192761466383
Acid2,5.953511589205345,2.342292105192787,0.4591057459730107,0.7022741699843138,2.2248482275,0.3114391539705773,1.6477699542130173
Acid3,7.4738088116843,2.940423162536422,0.0119551725514612,-29.48719612212611,2.6795130323,0.181757968744674,-0.0621501249633524
Acid4,6.880693163556775,2.7070734697946905,0.1828491212532133,-0.676042916335271,2.6860480016,0.2165050867352378,-0.4170275257233227
Acid5-HOBA,4.952797957469862,1.948580998050105,0.1410437482423358,0.2777994118009289,1.9443066686,0.1542777985167661,-0.0921422314503992
5CB,6.294954876734765,2.4766262548400846,0.2616170561156049,1.2668627462106374,2.4919932452,0.2381481896558488,1.408927890986542
6CB,2.275943407986148,0.8954251951163288,0.7418696219218854,0.1940245310917366,1.1153042298,0.7438073956913106,-0.3957638078897776
7CB,5.865574255604398,2.3076948898923804,0.3553066215541314,-0.0603414891702361,2.460680241,0.3252498817110468,-1.420686124224226
5OCB,6.653057286746214,2.6175146087556405,0.7737935352272122,-0.592689762012383,2.189140713,0.8655263100542366,0.2378953565394821
6OCB,6.095952202067308,2.398332564334638,0.4487698983864767,-0.7178094538795124,2.4248543345,0.4195481158046916,-0.8408564241322815
7OCB,6.855588943555095,2.697196707914597,0.3564359763526457,-0.7380568219144681,2.5001946465,0.3991004407108449,0.1943785718847046
PCH-3,3.0286294318563085,1.1915547154815267,0.17988507270728,0.8873179791794471,1.1926575253,0.1803871122134511,0.8725180025962526
PCH-4,3.237178425081582,1.2736042173693132,0.1858781343453096,-0.0864136191045727,1.2738795942,0.1900755594694448,0.0566724950751657
PCH-5,3.1538009921192005,1.240801005340109,0.1803779822117594,0.2933117188567034,1.2458511598000002,0.1810874804696209,0.4272460317256826
PCH-7,3.098780654171555,1.2191543349223546,0.1841754669756845,0.4960637362360259,1.2403187017,0.1905678794478181,0.4636895334638738
PCH-8,2.911184390494244,1.1453482726024724,0.1539822858183644,1.960684999496061,1.1904764921,0.1747742978569919,1.3208660624640864
Comp35,5.69089800787708,2.2389719538762254,0.0414486816420266,0.3766189152486225,2.2662487336000003,0.0419767598513153,-0.6335064117313669
Comp36,5.682195283972694,2.235548038227539,0.0524610436719772,0.6523335689389744,2.2670223444,0.0568281733446105,-0.3042844496697219
CCH-7,5.676845435197218,2.233443245390066,0.0452672199139502,0.8222777329880322,2.255230453,0.0502440402762938,-0.0669598169433687
RO-CM-4513,6.727537559237803,2.646817407891191,0.0424803086478445,1.2488324757430154,2.6658946345,0.0502263896785356,0.3381510132048587
CCH-301,6.751817627080112,2.6563699233047333,0.0505302119326517,1.0573883471791847,2.6842216031,0.0577778482582892,-0.0036414034911283
Comp49,6.742944949466846,2.652879142710108,0.039645211333795,1.6947192926808916,2.6611286052,0.0460423262411985,1.2197515978549898
RO-CM-7037,5.420135380336797,2.1324457205152667,0.0008552681658541,-0.2898645991935449,2.1324978769,0.0008350307502123,-0.3192878250797564
PYP605,5.437533095947264,2.13929050973121,0.0104701985885917,-0.2598380031725079,2.1392728635,0.0101486729884956,-0.2175314590144464
PYP606,5.423583447381728,2.1338022947146285,0.0111370448894494,-0.3466730530255898,2.1339314784,0.0104224710979461,-0.4505927628073012
PYP607,5.451348525202761,2.1447259187986374,0.0113842810365058,-0.1641649963659064,2.1428356241999995,0.0120576451386237,0.2021565476567144
PYP609,5.455926917918166,2.146527197413969,0.0164238532502533,0.5132024271103954,2.1459152018000003,0.0160144528548855,0.7450016952852586
MBBA,0.1887750698860732,0.0742698404506482,0.0069715174719138,-0.0422393472160879,0.0742546642999999,0.0069793075821901,-0.0476885501314811
RO-CM-1510,3.4302366507625197,1.349559181272448,0.0398581200902994,-0.8765877202868586,1.3495260570999998,0.0398653753415414,-0.8734667630273817
RO-CM-1540,3.419502405765518,1.345336003583961,0.0543481166587083,-0.3565918959922344,1.346780888,0.0540319019471646,-0.4110697592488996
Comp89,3.562946645492309,1.4017713199872486,0.0188545721801359,0.0280747798535155,1.4047516493,0.0176346507921773,-0.2704844254809361
Comp92,3.5713600053482955,1.4050813910391895,0.0096650990333759,-0.3662133471353875,1.405015051,0.010437853762787,-0.2899862827076045
Comp93,1.0103732836881898,0.39751150732142,0.01278785120803,-0.293669280332986,0.3973841622999999,0.0131554311726439,-0.3436335904059107
Comp97,6.826932038502754,2.6859222119372883,0.0313130115082091,1.5400600594269904,2.6950773483999995,0.0367226195761597,0.834900459400938
Comp113,7.52212648647408,2.959432801890543,0.059025340401129,-0.3338215065437785,2.9861516855,0.0488143181626432,-1.4310891688507976
Comp114,1.2593549773480304,0.4954684604000677,0.0276095285113899,-1.007004325607952,0.4996044015999999,0.0226289412531478,-1.2398691755745623
BCH5,1.26268382938124,0.4967781317965052,0.0186207811640398,0.3263836146433216,0.4941984838000001,0.0182774837091337,0.5836141754759872
BCH52F,1.2568842218434346,0.4944963902150076,0.0246853307658213,-0.6397070289381368,0.4950612352,0.0251943265385079,-0.5920216715350737
Comp119,1.173538801060425,0.4617057727485064,0.0221416505355925,1.1185178163075336,0.4713220077999999,0.0229512518718346,0.3264505347136768
Comp120,2.005460812279644,0.7890091347757189,0.1603517083248191,2.022774211747264,0.7658945199,0.1480459185185207,2.398905311970213
I32,7.030496660176002,2.766010710816896,0.0518543791060342,0.0996258868954671,2.7864121876000003,0.0468314948377734,-0.7652519752358296
I35,7.002738031547128,2.7550896240407687,0.0470013350698494,0.4506075704433897,2.7755383932,0.0474228840482272,-0.4337279928648779
HP5N,7.016142545512526,2.7603633665647656,0.0555613257934905,0.5154834943752848,2.7850370222,0.0554993040291995,-0.3840029396689436
HP33,8.239090954375149,3.241508378246744,0.0402419159716591,1.944535879306497,3.2581294778,0.0517591576554523,0.8645162791748013
HH33,8.251216617831279,3.2462789821765354,0.0584947367335722,1.0675929120483774,3.279823921,0.0675901042253389,-0.0245013216334883
RM734,11.218841863753552,4.413832799875972,0.1633679820022315,0.4452438637260909,4.1677032452,0.5475887903119808,-1.264259850200353
DIO,7.020848686875146,2.762214905374159,0.2750958966388638,-0.3733235119977271,2.6516396379,0.2754582695795097,0.0204455641362216
EC1F,10.349637373965209,4.071861379526203,0.0639688193920038,-0.6360117765812624,4.0619143473,0.0657644563497039,-0.5401607400355191
EC2F,11.1483812438453,4.3861114540340775,0.0957591556303527,-0.5215014515941317,4.3568224005,0.0933330112084947,-0.0976124115750871
EC3F,11.332914092738935,4.458712276025589,0.1826739262036305,-0.3113494698423126,4.334974265,0.619976219531618,-2.257446779009354
EC4F,12.06093855530758,4.745139189874826,0.1045233350842598,1.1374274856546638,4.436167080100001,0.7848430435185996,-1.48506500634339
EC5F,10.283626128360693,4.045890552541715,0.0529544060223731,0.0968130181874641,4.0339313265,0.0533986786579222,0.3654316424406377
EC6F,10.912188618250198,4.293186108387777,0.1211099554164533,-0.5664549917326385,4.2779498052,0.1180540885609705,-0.4177745644344794
EC7F,11.065053657876089,4.353327853324482,0.3871602779935182,-3.7210665531926113,4.0922844589,0.788901223256227,-1.440877405686948
EC8F,12.175856454508931,4.790351378347377,0.173566768114331,0.1922613813627146,4.883207601700001,0.1647369789703784,-0.6069731904926016
1O(M-O1)PEPEBNO2,11.27596010538836,4.436304849260453,0.1548338930760778,0.1928252458010968,4.2982945001,0.314401941568745,-1.033454517874047
1O(M-O2)PEPEBNO2,11.24468547211247,4.42400045957089,0.2265801922159576,-4.185719155005327,4.2604437436,0.5810336537077947,-2.3226902982679896
1O(M-O3)PEPEBNO2,11.165881138496747,4.392996443585138,0.098544132201941,-1.5289998868657289,4.323147898799999,0.2863944668396774,-1.972729575548693
1O(M-O4)PEPEBNO2,8.778359102282822,3.453672830519974,1.082174786353298,-0.2662424033567375,4.0698998432,0.8084085653435417,-1.49827792047074
1O(M-O5)PEPEBNO2,10.947994730151928,4.307273319266335,0.1380329988598203,0.7291085316660983,3.8787301369,0.7729349572599196,-0.8560651200062739
1O(M-O6)PEPEBNO2,10.55410349987749,4.152304557527578,0.1565542172643526,-1.7620964043922551,4.116723091900001,0.7223266442991212,-2.37244551315548
1O(M-O7)PEPEBNO2,11.124476535390905,4.376706616393181,0.083289734334705,1.0697777092297365,4.3304016882,0.5138824274371628,-2.3874477923632016
1O(M-O8)PEPEBNO2,10.03264554710125,3.947147176429608,0.6925130245571056,-2.830600344692416,3.7686345203,0.8943972472192951,-1.1246413260742143
1O(M-O9)PEPEBNO2,10.619912098916368,4.178195657204287,0.0056306076636898,9.844019704310956,3.9719510661,0.6085997928710073,-1.372600123237266
RM734-2,11.878545210131534,4.6733801135642725,0.1821480320290678,0.2587951046844635,4.6632055517,0.1613666420049042,0.5843527552114163
RM734-3,12.651751226207445,4.977582821496501,0.2128872624707083,0.4476326872551202,4.9434560223,0.1972072852556083,0.8271031618490554
5-2,10.666082227219205,4.196360386607948,0.4779742300289449,-3.818817638498672,4.0124740578,0.6628655382678154,-1.9385749505450287
5-3,10.818156523637205,4.256191029173334,0.1116114510096984,1.1678068980350778,4.326823571699999,0.1422967391765626,0.5751602745070533
5-4,11.011669017606517,4.33232471600487,0.1236627060322411,-3.881308682286448,3.7978283485,0.8981466085541076,-0.9559758974250376
5-5,10.602817951125584,4.171470300779694,0.0584328995879284,0.8479159750994465,4.0035639633,0.5559778868972755,-1.4317527282130678
5-6,11.032266769708563,4.340428496674556,0.4125358390672115,-4.413571090782405,3.8620278146,0.8375301340205182,-0.8224797253463955
5-7,10.474247187758376,4.120886661278655,0.0817433783621759,1.5214492908254114,4.243219150299999,0.4792486322293516,-1.4895344499391538
5-8,10.020334750670465,3.942303735570141,0.111841802164811,1.0697511416470256,4.2867805165,0.1828431654452554,-1.074440516994436
5-9,10.531118267381247,4.143261469628062,0.0546325509603818,2.3803083294613545,4.152569015399999,0.4814898291452201,-2.2861124231169585
6-1,12.036658635804557,4.73558673282246,0.129303253702063,1.4957438458356804,4.754592839900001,0.1376839480516915,1.1871443152598762
6-2,12.071184712712974,4.7491703390948485,0.1975486190514352,-0.300102285452959,4.767243393999999,0.1792068861835711,-0.3565947500394774
6-3,11.705584290904325,4.605332039827869,0.1420474048500986,-0.0200277586353453,4.615171093400001,0.1369090171562423,0.4292005462481256
6-4,11.743774575238922,4.620357256483898,0.1703957085066472,-0.2782941821486154,4.1857486615,0.79375779712705,-1.418579473484403
6-5,10.921577574152373,4.2968800085265695,0.6035406932844742,-3.255683240687281,4.0817574891,0.8937964524529238,-0.9848562000632456
6-6,11.595046944496817,4.5618432937424975,0.140509555163619,-13.101318233240406,3.9674137715,1.0748702266348136,-0.8527101270799404
6-7,10.822115302265637,4.257748532806046,0.0647747473861534,9.083793446943805,4.731735520800001,0.2629564960807204,-0.8949488566945033
6-8,11.051068807687727,4.347825788921367,0.5854982824070974,-2.104160800972808,4.2597605423,0.7478824204562099,-1.2438015028988685
6-9,11.956654030877647,4.704110493683338,0.2242996755245203,-1.7617895645262451,4.5296966665,0.2930324421860505,-0.9998194498636688
UUQU-4-N,7.863370088811092,3.093688389324147,0.4479458419567108,1.5932137844979142,3.5865723153,0.5504459674981421,-0.4253486990871569
3JK,8.645471429427694,3.40139078783942,0.0994138674554525,1.9587846566529288,3.3977797525,0.1540741144860414,1.0310961394161593
NT3-1,10.8899954452911,4.28445464074345,0.1373871219708751,-0.2414245873259364,4.3269798612,0.1379262237424245,-0.519824220691744
NT3-2,10.813501820394784,4.254359727681202,0.1440518959568558,0.2943173806262408,4.295825336,0.1678047501762362,0.2726745553022602
NT3-3,10.486425379073651,4.125677931262075,0.1699676593638371,-0.5010432853589556,4.0495127339,0.6582413720396737,-2.46030148231266
NT3-4,10.79630325333452,4.247593289547627,0.116682706739243,-0.9109861376346584,4.259589898700001,0.1169589527848502,-1.033734765750791
NT3-5,11.01342210882789,4.333014435284993,0.0806603303993468,0.6431156699180534,4.1427489307,0.5753951325747132,-2.357897161413822
NT3-6,10.883006052989105,4.28170480173436,0.1776461979277256,-0.1414118526585885,3.9248085445,0.7418973299806689,-1.396061639782665
NT3-7,10.556371634649436,4.153196910568341,0.0350777890162037,7.351396177891154,4.3140463121,0.1588170022442978,0.1470031813382665
NT3F-1,11.485802596004724,4.518863252270181,0.1638279826562869,0.785017568709218,4.5867777685,0.1904565312140766,0.3539272917187212
NT3F-2,11.80650332999233,4.645036651967715,0.1560067699170776,-0.3073232539631019,4.7640459668,0.1542489988491763,-1.4052245854396312
NT3F-3,11.552242749378154,4.545002824585208,0.1252361030970801,-0.0796402715087533,4.544101992499999,0.1423447495179325,-0.4164268618208812
NT3F-4,11.966416184550512,4.707951221148972,0.0804855479217863,-0.2390655323014736,4.694245668300001,0.1397971761023183,-0.2322631619784713
NT3F-5,12.01086789235484,4.72543987178689,0.2007963193461397,-0.9581954832271248,4.6429171122,0.1796461188734767,0.0247803475185488
NT3F-6,10.941299060116986,4.30463903950945,0.0724058823314224,5.372798779228282,4.6932558026,0.2151762031276972,-0.4515129675800219
NT3F-7,11.082195249688242,4.360071875666665,0.2092226698327473,-1.857074218408673,4.314907684499999,0.4904101484705835,-2.4232544661034203
Sulfur-2,10.502706790788624,4.132083532653784,0.3350182463164808,-4.286148903351102,3.980231096699999,0.6238953500177572,-2.3524650756813488
Sulfur-7,9.71896949205962,3.8237374985776,1.2444877112887631,-0.9141017029005802,3.4236389013999995,1.26676220247027,-0.127308172027658
Sulfur-12,8.818349865711744,3.4694064102832245,0.0761830897917893,-8.603390486738833,3.1599774097,0.2771153694538945,-0.2957145752198157
Sulfur-13,9.367888293762237,3.68561150239333,0.0877950322257326,0.7357507842906926,3.6922942034,0.0901413025787069,0.5538788812895138
Sulfur-14,9.218195348340313,3.626717755566572,0.0475753909501112,0.7065978845945465,3.6380563686,0.0521860022691744,0.3035901468709339
Sulfur-15,9.863567693810808,3.880626818655683,0.2225431093586543,0.8449262614337603,3.9936232063,0.2395899623296395,-0.1091957510091835
Sulfur-18,10.526389036066552,4.141400846530909,0.1242871860804221,-6.475743591843616,4.0235864587000005,0.3287957413029844,-2.496002042118138
Sulfur-19,8.259119050326847,3.2493880389019387,0.0195133144281277,0.9799469933418836,3.2553631924,0.0218150989401024,0.3889802455858654
DIO-1,7.563045897098839,2.9755317396383587,0.1023352370216752,0.6415397058785155,2.9408857943,0.1263958746486438,0.1412789076288392
DIO-2,11.40009990717398,4.485145214027672,0.0904866490554671,-0.6902518612804123,4.445871738999999,0.1055169021678647,-0.5229942208317613
DIO-3,10.875039966721848,4.278570701683743,0.0771767897325529,-1.2966327824691375,4.2405692808,0.1005821492696924,-0.6531812469260891
EST-1,6.335695866938997,2.492654996580696,0.1128735192990658,0.9814681221057244,2.5130715705,0.1210341125454575,0.8058518711095856
EST-2,10.26978812245983,4.040446261136963,0.0709128755081365,-0.451355662480648,4.0435717788000005,0.0728590580795576,-0.6106561307951441
EST-3,9.652603186981668,3.797626980422775,0.0692272798581928,-1.7369122495982268,3.7826884244,0.0781114267543332,-1.2911759542225654
EST-4,5.699293358495345,2.2422749395475967,0.077696103305496,0.7068094663923474,2.2419051118999995,0.0790113258413235,0.5104968689739248
3CN,10.93553393344462,4.3023708637466616,0.0541058636279496,-5.518648408980417,3.9057308535999993,0.7250845625283857,-1.4665089755623668
S2,11.391409252578544,4.481726046811343,0.2116611065522495,0.3316497368973079,4.4618933451,0.2221009853083072,0.3335315177935956
S3,11.257715804599863,4.42912698774774,0.2032615226473415,0.6396694084419274,4.4692265387,0.1952913134951362,0.4008249731790311
S4,11.832251168969366,4.655166633081892,0.6024014232969429,-2.642329072274906,4.159340244699999,0.889260426237541,-0.8698483824174544
S5,11.51042616324446,4.528550910769392,0.1730023532009881,1.0710328934527424,4.5482295267,0.1795298452913431,0.8099498669720887
S6,12.642108484216752,4.973789074209915,0.1804890150363536,-0.4078568465669234,4.980190246599999,0.1862476417930383,-0.7879447001359682
S7,10.217216325963284,4.019762921221587,0.1460659435676182,0.0557973372972971,3.9465968546,0.4271848774903691,-2.1496357321934587
S8,11.28984429050421,4.441767308969586,0.1539649089190952,-0.4739682965729966,4.4612646604,0.1381737908246468,-0.8788490170130896
O5,12.26277546509076,4.824547954473327,0.1499445550466086,0.7949407874554859,4.8595642221,0.15879254252151,0.3467783074276707
O6,12.401420276251775,4.879095030050909,0.0843183842536691,-2.25949120541647,4.4242797328,0.4700125924745546,-0.1870439709996427
2-2-Z2,10.504211537246842,4.132675545568614,0.0255586736785893,0.5081122799914896,4.1408408253,0.0313883768122329,0.7748681783697967
2-2-Z1,10.447944497009788,4.110538384641813,0.0332562462729809,-0.3635121261868008,4.0925074238,0.0334449214601112,0.1834719591774098
2-2-Z0,10.004123832542588,3.9359258684945657,0.0205844743091161,0.2018837737237225,3.938859810700001,0.0226757086861594,0.3835225987241454
1-2-Z2,9.714180161509631,3.8218532306177058,0.0564710582489908,0.039447231733065,3.82499656,0.0548555055171834,-0.0782618984255586
1-2-Z1,9.73991779110012,3.831979195049435,0.0390402662660794,-0.0051125805361031,3.8313677564,0.042452891377097,-0.2450319915487627
SCUT1a,10.825393684464078,4.259038347838092,0.028681155482613,0.8603632175570018,4.2496128505,0.0239548330067914,1.4871639031535715
SCUT1b,10.942552042285852,4.305132000713625,0.0421109841372673,-1.4940072440711123,4.2761528521,0.0554762749738888,-0.3880927092015979
SCUT7a,11.741614907850536,4.619507577803029,0.0481338490937218,-1.4745616654787894,4.58725409,0.0631584306838259,-0.3079027180171951
SCUT22b,9.619573627718976,3.7846321496006974,0.2963292091303777,1.0121324938055134,3.9375997035,0.3339999845380901,0.0060889226995308
SCUT22c,10.42205325042906,4.10035198262496,0.3008875315099381,-1.095966691628533,4.1795418717,0.308422932219912,-1.324713030623187
SCUT22d,9.333889622881555,3.67223539365521,0.1537809036199185,3.5881943027750776,3.7551051667,0.2814957322234233,1.4450421817268575
SCUT23a,9.73719136747848,3.830906537269452,0.2577651247534612,1.6756086482924368,4.061120251899999,0.3479455041640172,0.0302629189442518
M-0-0,10.307341651261371,4.055220958845365,0.2866471748653136,0.1948977709409578,4.2347305086,0.2601267130390903,-0.7342239535378235
M-0-1,11.144076068292437,4.384417667340653,0.2272120453541145,0.6617584446845872,4.3760520989,0.5020014380817907,-1.3206680045908246
M-0-2,11.82743160348637,4.653270469781941,0.1812969629753472,1.0622496953486569,4.7892927286,0.2831925452964065,0.6999036185665499
M-1-0,9.865508662653912,3.8813904546929208,0.4096849364945573,-3.059214355317608,3.5268355735,0.6851335883683969,-0.9685919111127876
M-1-1,10.343119422375697,4.06929701959822,0.1744803230467952,0.1073270318274392,4.0414390697,0.2439928519273042,0.6618019024335628
M-1-2,11.867511782411292,4.669039228314431,0.11709357594307,1.418072186319539,4.4339020612,0.4391683418050996,-0.9826408505550588
M-2-0,10.058350625704175,3.9572603343151433,0.1904636891815608,-1.1310638552546002,3.8771712344,0.2949497928177552,-0.6555132590586684
M-2-1,9.38237836758421,3.69131233710379,0.4323906724974622,1.1954436548314369,3.8350652102000007,0.5321000552673989,0.3810764409302149
M-2-2,11.317538564894829,4.452663076835698,0.1785035336096256,-0.0254698223145825,4.371295517499999,0.4326167170115661,-1.8725514210711431
Li-1a,9.635671050157748,3.7909653640284073,0.265902066948509,-0.0948933481236536,3.8126890853,0.2448990196885647,-0.3371898342557699
Li-1b,9.472245100851056,3.726668636776081,0.2864865795619759,-0.5012710625005571,3.7140450813,0.2886878471967574,-0.3977757225684399
Li-1c,9.242666031013808,3.636345264638484,0.3249734716588768,0.0389423583741622,3.5611579891000007,0.3102182037355258,0.4083939588723184
Li-2a,10.31565117320944,4.058490176913602,0.0879092932827468,-0.4119352938612682,4.021007396300001,0.0966699894808744,-0.1000622012926407
Li-3a,11.830745566509275,4.654574283389952,0.2182875789697639,-0.3286682647153227,4.6495971293,0.2319453040721127,-0.4710238178224334
Li-4a,12.30559559591121,4.841394693219232,0.0373411956868092,-0.9755778268180816,4.826414055888889,0.0555345292445452,-1.1509010210229471
Li-4b,12.045487841885205,4.739060410397107,0.0557249785638897,-1.5174601227602262,4.6759387125,0.0771742791179344,0.1151286639332013
Li-4c,12.069194320146105,4.748387258265029,0.0520361347502684,-2.012509443650988,4.7431935502,0.0525642354130912,-1.903675282487464
Li-5a,11.99798392731862,4.720370929006526,0.1204601841131769,0.5444906454621518,4.7026972489,0.1344764697202271,0.3769838683253044
Li-5b,11.691516670823894,4.599797411237746,0.0942286739097272,0.9386955508191738,4.607338991200001,0.1259425972045671,0.0621746293627113
Li-5c,11.63836078121978,4.578884271370853,0.1440784398614165,0.7224304639777632,4.6188550919,0.1414546366814471,0.0720507360806649
Li-6b,12.91702597426971,5.081949956553374,0.2014297072723696,-0.3388845911379723,5.0341207825,0.2025572245055767,-0.6685281299988355
Li-7,6.956486818559166,2.736892993461647,0.3150883258695375,2.216049200499166,3.1850081448000003,0.663625740604955,0.6142964332969834
Li-8,10.031794461846856,3.9468123336662506,0.0391035749405372,-1.7896288040012562,3.9275398030999993,0.0592223807325146,-1.206102944869918
Li-9a,12.858287544000698,5.058840475799194,0.1351002278460781,-3.037607264899012,4.8812480711,0.2196716346555126,-0.4366106912990002
Li-9b,12.648704471359242,4.976384135692253,0.1400123251750199,-1.7153332031740325,4.6988806694,0.7342061128102458,-2.4509842196832268
Li-9c,12.943385551395258,5.092320614017002,0.1799940624439533,0.3366504114745441,5.1040984031,0.1700672137595586,0.082014241782762
Li-10a,12.95127282875947,5.095423708253882,0.0899402540504216,-3.779094411520719,4.647466891600001,0.757486564449553,-2.4065485469384296
Li-10b,12.569683509515237,4.945294891588395,0.1976517898138323,-0.2660314807636175,4.9045725628,0.183903639748161,-0.0247159980664408
Li-11a,12.156282430441165,4.782650363349116,0.097862297344637,0.4018836452326293,4.5966322995,0.4312878178151051,-1.2841721372731985
Li-11b,12.839468652356484,5.051436552809165,0.1566915663045235,-0.1397295986594276,5.0224139072,0.1604427613361093,0.1417918945674304
Li-11c,12.441676332010012,4.894932983866213,0.1476371939737651,0.7863931905239027,4.9475277946,0.1704570051760408,0.279245049472303
Li-12a,10.914171783613495,4.2939663458164175,0.9964166929950488,-1.206715525925411,3.4351728714000003,0.958241867484414,-0.2386539688581911
Li-12b,12.961334565445576,5.099382300767101,0.1347714408696305,-0.8116328125891089,4.8006777074,0.7330686660409073,-1.582635470428775
Li-12c,10.476827647254796,4.121901892342822,0.1525989856611236,0.8019767480401583,3.8673869865,0.4861226936837476,-1.1999831599132824
Li-13a,10.160240050460295,3.997346725621009,0.0571078533288104,-0.2806454928031567,4.0127021772,0.0429659030889983,-0.6203262508122157
Li-13b,12.53355354539913,4.93108026742213,0.1142285274698124,-1.668419804571598,4.9020765938,0.1084351803468254,-1.189007887433286
Li-14,12.905917681521217,5.077579617129806,0.1531601461988087,-0.0031887601961749,5.0516974166,0.1920867767724481,-0.4350060119862517
Li-15,4.661630240956047,1.834026783540152,0.0015283907376715,2753.542837532048,4.599650513,1.7487411936542328,-0.7505547555028748
Li-16,10.744338712284092,4.227148862350562,0.0608077441486856,-1.3568926289318133,4.2207700939,0.0738112271026518,-1.2214896107707909
Li-17a,12.30125520286778,4.839687050896423,0.0682815719533894,-8.020623890668968,4.218647492300001,0.5382117428417316,-0.0584120456935662
Li-18,13.25969386960172,5.216765904068196,0.1361083811186023,1.190879016748726,5.1876775753,0.3730723314664091,-1.0898088092234264
Li-19,13.521422386363849,5.319737844129134,0.2704998145336166,-3.920936824694201,4.886162388300001,0.772493246030764,-0.8833864695545781
Li-20,7.702217891275386,3.0302862250104403,0.0408631316493976,3.251719606993089,3.0601784816000004,0.0826965514294979,1.0371959018829449
Li-21,10.935461969894678,4.302342551102541,0.0659225875326952,-0.6789742547323604,4.263028605999999,0.0670999599192652,0.1311121270037089
Li-22,12.04707115752596,4.739683334812353,0.2647939338103069,0.7294822376188634,4.1042016437,0.7013743175211412,0.0858033587127109
Li-23,11.330904262589105,4.457921547860842,0.1295622428802832,0.37002305491799,4.393112743700001,0.1453689875060274,0.5335643483604507
Li-24,8.991762816848897,3.5376323270888976,0.0620309384993571,-0.7393568046396042,3.5166467134,0.0662553055276343,0.0125800666107928
Li-25,11.236975650635507,4.420967181864556,0.2365833227880117,-0.4070397063955847,4.3450220904,0.209794759655605,0.2420740060355668
Li-29,12.455017649420428,4.900181862947921,0.1573893440478392,1.200980312813642,4.9311261771,0.1800229163010286,0.5862854076632434
