family,perm_id,macro_auprc_null
dipole_prop,1,0.3602833056988613
dipole_prop,2,0.3503089682968276
dipole_prop,3,0.2792392337225255
dipole_prop,4,0.3442607732500827
dipole_prop,5,0.3124373987750872
dipole_prop,6,0.32675333339417784
dipole_prop,7,0.29471266625233944
dipole_prop,8,0.28818040291116637
dipole_prop,9,0.28436152614029203
dipole_prop,10,0.29474405563500206
dipole_prop,11,0.3250965637255472
dipole_prop,12,0.30351645220473833
dipole_prop,13,0.27449655008737855
dipole_prop,14,0.340273073853387
dipole_prop,15,0.3680045525723951
dipole_prop,16,0.3456951121015523
dipole_prop,17,0.33759571074563915
dipole_prop,18,0.34286790119042804
dipole_prop,19,0.3090810383431432
dipole_prop,20,0.28793534673658944
dipole_prop,21,0.3062292554240917
dipole_prop,22,0.3284534959687661
dipole_prop,23,0.30455980643567354
dipole_prop,24,0.3120630296452828
dipole_prop,25,0.2970228603409995
dipole_prop,26,0.37800228445383155
dipole_prop,27,0.3105021496670887
dipole_prop,28,0.33807502901482095
dipole_prop,29,0.3334731272748686
dipole_prop,30,0.30771241296614377
dipole_prop,31,0.3416093691884703
dipole_prop,32,0.3244327942357008
dipole_prop,33,0.34016601779835987
dipole_prop,34,0.34534245551845594
dipole_prop,35,0.2813103336146319
dipole_prop,36,0.3030891449952618
dipole_prop,37,0.3362154931289642
dipole_prop,38,0.3118860814391741
dipole_prop,39,0.34324746022364927
dipole_prop,40,0.3355973743506622
dipole_prop,41,0.35965224853030736
dipole_prop,42,0.31608715987545866
dipole_prop,43,0.32321364865440455
dipole_prop,44,0.3082744886077465
dipole_prop,45,0.323369981601727
dipole_prop,46,0.32445089867880444
dipole_prop,47,0.31820919792865154
dipole_prop,48,0.33279280251829085
dipole_prop,49,0.32314888347513343
dipole_prop,50,0.3498201189378179
dipole_prop,51,0.3125697466246638
dipole_prop,52,0.32698672957958547
dipole_prop,53,0.28194381465661517
dipole_prop,54,0.3001381588170531
dipole_prop,55,0.35308265518043447
dipole_prop,56,0.3160866778364429
dipole_prop,57,0.3480125663891889
dipole_prop,58,0.32025208504106195
dipole_prop,59,0.3335482815225033
dipole_prop,60,0.35675029852665885
dipole_prop,61,0.32333408954732856
dipole_prop,62,0.3244538241286272
dipole_prop,63,0.3587180195529664
dipole_prop,64,0.294907140614381
dipole_prop,65,0.3249961684243873
dipole_prop,66,0.318438025850938
dipole_prop,67,0.32519963170593974
dipole_prop,68,0.26779491031008973
dipole_prop,69,0.32654886126739885
dipole_prop,70,0.3070798306926055
dipole_prop,71,0.2883325378416977
dipole_prop,72,0.32618293278718397
dipole_prop,73,0.31399906155327695
dipole_prop,74,0.30399260236550113
dipole_prop,75,0.3056318369060317
dipole_prop,76,0.30555555811047164
dipole_prop,77,0.3017345034174253
dipole_prop,78,0.3392489834962353
dipole_prop,79,0.30494882589963423
dipole_prop,80,0.3135152849721615
dipole_prop,81,0.33370988443266775
dipole_prop,82,0.3197272161644585
dipole_prop,83,0.36731975658705984
dipole_prop,84,0.34554638210256194
dipole_prop,85,0.2943834864779205
dipole_prop,86,0.35940658540943193
dipole_prop,87,0.31415147316780756
dipole_prop,88,0.3195217046595021
dipole_prop,89,0.36362258762041
dipole_prop,90,0.3420116350544224
dipole_prop,91,0.33400695784916984
dipole_prop,92,0.3037839023081714
dipole_prop,93,0.32816441187666906
dipole_prop,94,0.30988702455642975
dipole_prop,95,0.33860095076288915
dipole_prop,96,0.28807415035574685
dipole_prop,97,0.28532699033508907
dipole_prop,98,0.35731397452120534
dipole_prop,99,0.320593650063791
dipole_prop,100,0.34948907624564624
dipole_prop,101,0.3570184212265574
dipole_prop,102,0.3469852702700593
dipole_prop,103,0.30572405800086006
dipole_prop,104,0.3346515876403435
dipole_prop,105,0.3266155710257858
dipole_prop,106,0.33407498242004113
dipole_prop,107,0.3442465774301317
dipole_prop,108,0.3379335490039001
dipole_prop,109,0.33030678787732437
dipole_prop,110,0.2854886066085099
dipole_prop,111,0.3338977242466874
dipole_prop,112,0.36414041235764816
dipole_prop,113,0.31301674588112277
dipole_prop,114,0.3536164430300402
dipole_prop,115,0.33555036792650045
dipole_prop,116,0.3237650919227654
dipole_prop,117,0.33147252419334144
dipole_prop,118,0.31978585248318037
dipole_prop,119,0.3088958945666591
dipole_prop,120,0.3438240358114693
dipole_prop,121,0.3415499944394329
dipole_prop,122,0.3199260563262248
dipole_prop,123,0.3521561457881253
dipole_prop,124,0.3546370453653788
dipole_prop,125,0.3465353152048305
dipole_prop,126,0.33073170717559464
dipole_prop,127,0.34612096657097213
dipole_prop,128,0.3423407201384663
dipole_prop,129,0.3600490265890261
dipole_prop,130,0.3243446057560927
dipole_prop,131,0.3173921291809854
dipole_prop,132,0.32324093166830764
dipole_prop,133,0.32205006229165095
dipole_prop,134,0.294560659606315
dipole_prop,135,0.3432733146050873
dipole_prop,136,0.31454758963863405
dipole_prop,137,0.34968232576051284
dipole_prop,138,0.3430425584718821
dipole_prop,139,0.3334148497927199
dipole_prop,140,0.35867837886607584
dipole_prop,141,0.33645804001706137
dipole_prop,142,0.29989320048190193
dipole_prop,143,0.3526514635274087
dipole_prop,144,0.3281682892182453
dipole_prop,145,0.3357668735020942
dipole_prop,146,0.36239374432931126
dipole_prop,147,0.2947708595588616
dipole_prop,148,0.33977017786469377
dipole_prop,149,0.32437755462138373
dipole_prop,150,0.29901734694268195
dipole_prop,151,0.37625199616969174
dipole_prop,152,0.317299030810757
dipole_prop,153,0.3791644752861423
dipole_prop,154,0.33234051436090445
dipole_prop,155,0.3237877009036287
dipole_prop,156,0.34911914563419083
dipole_prop,157,0.33058081835774944
dipole_prop,158,0.3600777553611449
dipole_prop,159,0.32303167834690816
dipole_prop,160,0.2910666265331728
dipole_prop,161,0.34016386465242077
dipole_prop,162,0.3247613543607249
dipole_prop,163,0.29431811766235466
dipole_prop,164,0.3207019610667856
dipole_prop,165,0.34820461710574846
dipole_prop,166,0.30808241491511884
dipole_prop,167,0.32613330983979383
dipole_prop,168,0.30871030538220157
dipole_prop,169,0.32622853934718976
dipole_prop,170,0.3442128819848742
dipole_prop,171,0.35403272186311074
dipole_prop,172,0.3250068848168698
dipole_prop,173,0.31610381775954904
dipole_prop,174,0.3227893767865439
dipole_prop,175,0.37939301832158406
dipole_prop,176,0.3246676645544622
dipole_prop,177,0.3447471499588232
dipole_prop,178,0.31857747443732665
dipole_prop,179,0.314092552358141
dipole_prop,180,0.35762614739057047
dipole_prop,181,0.3366295613793357
dipole_prop,182,0.3303373480779514
dipole_prop,183,0.3041781283537795
dipole_prop,184,0.3349835447208494
dipole_prop,185,0.3189778832505113
dipole_prop,186,0.3326009317273731
dipole_prop,187,0.29719041483541003
dipole_prop,188,0.3405210769986507
dipole_prop,189,0.3618295105827749
dipole_prop,190,0.35897758060539836
dipole_prop,191,0.328880481562838
dipole_prop,192,0.3656858289637859
dipole_prop,193,0.36312001117019227
dipole_prop,194,0.33369819267612444
dipole_prop,195,0.35759824643959504
dipole_prop,196,0.3322780953325716
dipole_prop,197,0.3435969198017255
dipole_prop,198,0.32878825437734677
dipole_prop,199,0.31061636904572293
dipole_prop,200,0.29654566166679036
dipole_prop,201,0.32270843405306865
dipole_prop,202,0.32774532010296537
dipole_prop,203,0.3233511599449797
dipole_prop,204,0.28514614124115284
dipole_prop,205,0.28393579300836574
dipole_prop,206,0.3156117033319992
dipole_prop,207,0.328501584714148
dipole_prop,208,0.3256962439141606
dipole_prop,209,0.3395225820634729
dipole_prop,210,0.3387136203881343
dipole_prop,211,0.3178284036523034
dipole_prop,212,0.31365451771030034
dipole_prop,213,0.3409927165206672
dipole_prop,214,0.3435623303186402
dipole_prop,215,0.3169429294132072
dipole_prop,216,0.31750933472839815
dipole_prop,217,0.30936824969295257
dipole_prop,218,0.3282488466919608
dipole_prop,219,0.32148577747500817
dipole_prop,220,0.2927157506589967
dipole_prop,221,0.333919284499746
dipole_prop,222,0.3024940363299768
dipole_prop,223,0.32669623910026097
dipole_prop,224,0.3313237785263476
dipole_prop,225,0.29845593998295056
dipole_prop,226,0.3116044778210072
dipole_prop,227,0.32389197729362457
dipole_prop,228,0.332462141679335
dipole_prop,229,0.36046695246729926
dipole_prop,230,0.32241859443168414
dipole_prop,231,0.3304142842269899
dipole_prop,232,0.3742590587142272
dipole_prop,233,0.32708671406733864
dipole_prop,234,0.33419649661002526
dipole_prop,235,0.31133169019740065
dipole_prop,236,0.32038998871317015
dipole_prop,237,0.33015546843481075
dipole_prop,238,0.3063300567929375
dipole_prop,239,0.32668984905441656
dipole_prop,240,0.36123626738844844
dipole_prop,241,0.3062790398061112
dipole_prop,242,0.3420079453957141
dipole_prop,243,0.3448282758158574
dipole_prop,244,0.3229863989081027
dipole_prop,245,0.3504963812084196
dipole_prop,246,0.34486622178362486
dipole_prop,247,0.3174667719294136
dipole_prop,248,0.3621754741165853
dipole_prop,249,0.30944621083165696
dipole_prop,250,0.37289079415895476
dipole_prop,251,0.3357050292323036
dipole_prop,252,0.3837685271985087
dipole_prop,253,0.363294476869825
dipole_prop,254,0.3551499930297848
dipole_prop,255,0.2868766304628636
dipole_prop,256,0.3545307717861474
dipole_prop,257,0.30247513263462006
dipole_prop,258,0.30794319277937565
dipole_prop,259,0.31990911681786377
dipole_prop,260,0.31598857342241177
dipole_prop,261,0.3035251068027022
dipole_prop,262,0.32323648723382264
dipole_prop,263,0.3776852278265806
dipole_prop,264,0.3453258331587267
dipole_prop,265,0.3199550257441626
dipole_prop,266,0.3333147649107783
dipole_prop,267,0.3376273231330111
dipole_prop,268,0.3336030871986757
dipole_prop,269,0.302254118657487
dipole_prop,270,0.3199864777326718
dipole_prop,271,0.32357986289857016
dipole_prop,272,0.29411996339873897
dipole_prop,273,0.30826780702856227
dipole_prop,274,0.3380828592051839
dipole_prop,275,0.3251845731640926
dipole_prop,276,0.307017666122588
dipole_prop,277,0.3357757118868592
dipole_prop,278,0.3743082874358927
dipole_prop,279,0.3030573714652283
dipole_prop,280,0.31783478573774865
dipole_prop,281,0.3188056650219366
dipole_prop,282,0.3457400141369329
dipole_prop,283,0.36211697946189875
dipole_prop,284,0.3338644927284391
dipole_prop,285,0.2983694723243101
dipole_prop,286,0.31530228356168893
dipole_prop,287,0.2861258759885613
dipole_prop,288,0.34853575118403796
dipole_prop,289,0.36226336417740607
dipole_prop,290,0.3404356852656785
dipole_prop,291,0.3404737832622206
dipole_prop,292,0.3247140680603707
dipole_prop,293,0.32875649030562354
dipole_prop,294,0.3481861151427048
dipole_prop,295,0.34760001122397916
dipole_prop,296,0.2979516191669778
dipole_prop,297,0.34050145790548547
dipole_prop,298,0.3155594648340939
dipole_prop,299,0.29067537528222953
dipole_prop,300,0.3457237904883408
dipole_prop,301,0.36508289794621823
dipole_prop,302,0.348860143827406
dipole_prop,303,0.35257049332323737
dipole_prop,304,0.29240841232581316
dipole_prop,305,0.3256232983185565
dipole_prop,306,0.3600836794494143
dipole_prop,307,0.35834720140641557
dipole_prop,308,0.34450423636413263
dipole_prop,309,0.34867330391853485
dipole_prop,310,0.29605196298038233
dipole_prop,311,0.29024927724633603
dipole_prop,312,0.29881662230789297
dipole_prop,313,0.3258704674270022
dipole_prop,314,0.2960095449793459
dipole_prop,315,0.3215170324037208
dipole_prop,316,0.3256594011805458
dipole_prop,317,0.36519958979265726
dipole_prop,318,0.3376115813682057
dipole_prop,319,0.30917760308319964
dipole_prop,320,0.3182852059997053
dipole_prop,321,0.31209638002440837
dipole_prop,322,0.3330949198050583
dipole_prop,323,0.33903505265314043
dipole_prop,324,0.3227530686024817
dipole_prop,325,0.36459203853780964
dipole_prop,326,0.29253678537863403
dipole_prop,327,0.36132707894411836
dipole_prop,328,0.34569848461732106
dipole_prop,329,0.3520179784539809
dipole_prop,330,0.34273025576461524
dipole_prop,331,0.35981723756889333
dipole_prop,332,0.3343548357707429
dipole_prop,333,0.3258635131574385
dipole_prop,334,0.3721890357653492
dipole_prop,335,0.2943270038491987
dipole_prop,336,0.34466748278191534
dipole_prop,337,0.34073101143268086
dipole_prop,338,0.35661584742907143
dipole_prop,339,0.3419217076737234
dipole_prop,340,0.35083539348792275
dipole_prop,341,0.3520486661572646
dipole_prop,342,0.3274332148617198
dipole_prop,343,0.3307823277342857
dipole_prop,344,0.3132505844034519
dipole_prop,345,0.33440880932227657
dipole_prop,346,0.3201464454891412
dipole_prop,347,0.30893353916937444
dipole_prop,348,0.3577829975223213
dipole_prop,349,0.3220902140747011
dipole_prop,350,0.3236553136228898
dipole_prop,351,0.3023646038881322
dipole_prop,352,0.3139387880078615
dipole_prop,353,0.35173132995760215
dipole_prop,354,0.3801353627390223
dipole_prop,355,0.30856602520314547
dipole_prop,356,0.34279461728633587
dipole_prop,357,0.31348341127498697
dipole_prop,358,0.32966148536282286
dipole_prop,359,0.34607870989201106
dipole_prop,360,0.31083816596029
dipole_prop,361,0.3398369640386822
dipole_prop,362,0.3443806347231351
dipole_prop,363,0.3358537986466524
dipole_prop,364,0.32050866088001656
dipole_prop,365,0.3194143330830355
dipole_prop,366,0.33685024115473167
dipole_prop,367,0.3439027954469062
dipole_prop,368,0.34190188071176203
dipole_prop,369,0.3789988529162238
dipole_prop,370,0.31782652911689885
dipole_prop,371,0.3234125892647578
dipole_prop,372,0.294331689421006
dipole_prop,373,0.3202668966798484
dipole_prop,374,0.33376585209899395
dipole_prop,375,0.2961900371409585
dipole_prop,376,0.33623090791071103
dipole_prop,377,0.32496972560659837
dipole_prop,378,0.3305620146772636
dipole_prop,379,0.3337745590147936
dipole_prop,380,0.28978540346348497
dipole_prop,381,0.3400093399117828
dipole_prop,382,0.33389272847118895
dipole_prop,383,0.32993757394564666
dipole_prop,384,0.3017061527806793
dipole_prop,385,0.3036356707879939
dipole_prop,386,0.32642250886787205
dipole_prop,387,0.37884607822670174
dipole_prop,388,0.36828274828586577
dipole_prop,389,0.32877903135905956
dipole_prop,390,0.29836729031951154
dipole_prop,391,0.3349707217569225
dipole_prop,392,0.30560316062397114
dipole_prop,393,0.31918007916183405
dipole_prop,394,0.3460365130535857
dipole_prop,395,0.2992171627050827
dipole_prop,396,0.3210272670947878
dipole_prop,397,0.31509890390915163
dipole_prop,398,0.31885166309589175
dipole_prop,399,0.3454863286813117
dipole_prop,400,0.32848038068043794
dipole_prop,401,0.34853373538932897
dipole_prop,402,0.3375258904658287
dipole_prop,403,0.3032820954723439
dipole_prop,404,0.35206271771168723
dipole_prop,405,0.2903514701207481
dipole_prop,406,0.3322715845300249
dipole_prop,407,0.31880283398259146
dipole_prop,408,0.2774098018628978
dipole_prop,409,0.3289523977022184
dipole_prop,410,0.34131110172881335
dipole_prop,411,0.3407556640905704
dipole_prop,412,0.32569743042394156
dipole_prop,413,0.3493777111504371
dipole_prop,414,0.3228770743130007
dipole_prop,415,0.2939104886326283
dipole_prop,416,0.35457953478352106
dipole_prop,417,0.3230120578343269
dipole_prop,418,0.3347861191609303
dipole_prop,419,0.3708741807473412
dipole_prop,420,0.3586106260864847
dipole_prop,421,0.32469144220261054
dipole_prop,422,0.3278422526055537
dipole_prop,423,0.3510946447608303
dipole_prop,424,0.34708868045783386
dipole_prop,425,0.3220156600773769
dipole_prop,426,0.3482133193392481
dipole_prop,427,0.3496760601475422
dipole_prop,428,0.35259816903390256
dipole_prop,429,0.3172748001229923
dipole_prop,430,0.37095150155804885
dipole_prop,431,0.3319068872188282
dipole_prop,432,0.39382848365269624
dipole_prop,433,0.3736398642371032
dipole_prop,434,0.30496104631308424
dipole_prop,435,0.33322506275276026
dipole_prop,436,0.3219400007071639
dipole_prop,437,0.33100999627340705
dipole_prop,438,0.3443336059880908
dipole_prop,439,0.37090929860253324
dipole_prop,440,0.3273794555848862
dipole_prop,441,0.3093988272088925
dipole_prop,442,0.301115008368116
dipole_prop,443,0.3287523442667445
dipole_prop,444,0.33911241383807206
dipole_prop,445,0.3588719547099561
dipole_prop,446,0.339048316512715
dipole_prop,447,0.3254073287254072
dipole_prop,448,0.31641306896342625
dipole_prop,449,0.306471331262883
dipole_prop,450,0.33814651306235777
dipole_prop,451,0.34050234547597813
dipole_prop,452,0.3191952794241259
dipole_prop,453,0.3335029979139597
dipole_prop,454,0.3142414841014313
dipole_prop,455,0.34533878253634215
dipole_prop,456,0.32011117890898905
dipole_prop,457,0.3505168573650445
dipole_prop,458,0.34169679264426334
dipole_prop,459,0.34610356053812735
dipole_prop,460,0.324699525897159
dipole_prop,461,0.307430928164652
dipole_prop,462,0.37800363479471616
dipole_prop,463,0.29984001523804465
dipole_prop,464,0.3563869733480261
dipole_prop,465,0.3441277606644057
dipole_prop,466,0.3294352526750683
dipole_prop,467,0.30328695243250997
dipole_prop,468,0.3078450228141239
dipole_prop,469,0.34733831430013357
dipole_prop,470,0.34705772847644
dipole_prop,471,0.35899909244199524
dipole_prop,472,0.3351424557956108
dipole_prop,473,0.35602014910748325
dipole_prop,474,0.3254787232752031
dipole_prop,475,0.31196875259386136
dipole_prop,476,0.35487665739678653
dipole_prop,477,0.317514712199797
dipole_prop,478,0.34367154226215574
dipole_prop,479,0.32436496073524285
dipole_prop,480,0.3237110359807812
dipole_prop,481,0.30367853562561675
dipole_prop,482,0.34824066150350824
dipole_prop,483,0.3253706776378266
dipole_prop,484,0.3250511279857889
dipole_prop,485,0.32834154956540673
dipole_prop,486,0.30788558409405825
dipole_prop,487,0.3017408076967058
dipole_prop,488,0.31734846898590163
dipole_prop,489,0.305823770270103
dipole_prop,490,0.3164230672524096
dipole_prop,491,0.3330721713455838
dipole_prop,492,0.3331453025740232
dipole_prop,493,0.3307758451507283
dipole_prop,494,0.34476243233409604
dipole_prop,495,0.3241550178841379
dipole_prop,496,0.3183004409115231
dipole_prop,497,0.3028924797708868
dipole_prop,498,0.3043814743241594
dipole_prop,499,0.3233470944357475
dipole_prop,500,0.3238331785814967
sigma_profile,1,0.3167109325614376
sigma_profile,2,0.39185117107891676
sigma_profile,3,0.30899988835101855
sigma_profile,4,0.3299229138651923
sigma_profile,5,0.30458549792277817
sigma_profile,6,0.35232415282082563
sigma_profile,7,0.34675056851164626
sigma_profile,8,0.34760975249877046
sigma_profile,9,0.36721621653763753
sigma_profile,10,0.3729263633780941
sigma_profile,11,0.3407946776575988
sigma_profile,12,0.3195195336786368
sigma_profile,13,0.3129115210367615
sigma_profile,14,0.34711265947595643
sigma_profile,15,0.3519364940037459
sigma_profile,16,0.3806781202967917
sigma_profile,17,0.3345600441960784
sigma_profile,18,0.334597519902924
sigma_profile,19,0.37044556445503396
sigma_profile,20,0.36749652319715564
sigma_profile,21,0.32272068089778516
sigma_profile,22,0.3078317012469447
sigma_profile,23,0.4131829777650469
sigma_profile,24,0.3710428105497243
sigma_profile,25,0.35592846062946476
sigma_profile,26,0.3272826750235323
sigma_profile,27,0.3415950088686768
sigma_profile,28,0.3124263791830328
sigma_profile,29,0.341352506506341
sigma_profile,30,0.31877727873279155
sigma_profile,31,0.32541701411060414
sigma_profile,32,0.3099755080321938
sigma_profile,33,0.31244189133714445
sigma_profile,34,0.34598718359749764
sigma_profile,35,0.35074378818186136
sigma_profile,36,0.35561979593887605
sigma_profile,37,0.3395914303372402
sigma_profile,38,0.3535506321830307
sigma_profile,39,0.37981166875604816
sigma_profile,40,0.27975314986012617
sigma_profile,41,0.38789229881216875
sigma_profile,42,0.3534563640987165
sigma_profile,43,0.3525013299880031
sigma_profile,44,0.3005293073815201
sigma_profile,45,0.305071806889944
sigma_profile,46,0.33981712945640413
sigma_profile,47,0.34514941389298603
sigma_profile,48,0.34218763245611084
sigma_profile,49,0.31473134156728994
sigma_profile,50,0.3313035904737316
sigma_profile,51,0.35213503870582175
sigma_profile,52,0.3227336252513648
sigma_profile,53,0.3139567594852116
sigma_profile,54,0.35430823474634926
sigma_profile,55,0.3292596294718721
sigma_profile,56,0.29916489684448044
sigma_profile,57,0.3471161150343851
sigma_profile,58,0.3165342249509872
sigma_profile,59,0.35605058551346475
sigma_profile,60,0.38232291850536054
sigma_profile,61,0.3683537063363875
sigma_profile,62,0.36541003068125555
sigma_profile,63,0.3581207253414682
sigma_profile,64,0.34392501073428483
sigma_profile,65,0.3004830568965262
sigma_profile,66,0.3760176517212763
sigma_profile,67,0.31691468045172905
sigma_profile,68,0.319708142946977
sigma_profile,69,0.3397645446621726
sigma_profile,70,0.318296982258165
sigma_profile,71,0.31665003073341685
sigma_profile,72,0.3357330788550124
sigma_profile,73,0.3415549791880754
sigma_profile,74,0.2931520403784344
sigma_profile,75,0.31058934515808656
sigma_profile,76,0.3503717438249169
sigma_profile,77,0.2802935760907052
sigma_profile,78,0.29936434217710417
sigma_profile,79,0.36188289894479003
sigma_profile,80,0.3324454346378078
sigma_profile,81,0.3734384257530945
sigma_profile,82,0.3219776990944175
sigma_profile,83,0.3117417811450705
sigma_profile,84,0.27214257133687697
sigma_profile,85,0.2871638088669962
sigma_profile,86,0.33366586444823226
sigma_profile,87,0.3521227676486384
sigma_profile,88,0.3919053579474096
sigma_profile,89,0.3011971769113141
sigma_profile,90,0.32483590246462607
sigma_profile,91,0.34920392419683655
sigma_profile,92,0.34811412084682675
sigma_profile,93,0.31817889640951635
sigma_profile,94,0.35518610609241863
sigma_profile,95,0.3590007376953501
sigma_profile,96,0.3409674238378262
sigma_profile,97,0.295336809167707
sigma_profile,98,0.33623095125210806
sigma_profile,99,0.3491801023141509
sigma_profile,100,0.33160681391309715
sigma_profile,101,0.3419765955167426
sigma_profile,102,0.34434568715942465
sigma_profile,103,0.30796284592119866
sigma_profile,104,0.3572671994951247
sigma_profile,105,0.3459210572819549
sigma_profile,106,0.33842249907408073
sigma_profile,107,0.31528830372838956
sigma_profile,108,0.31929337773902705
sigma_profile,109,0.3422323179782425
sigma_profile,110,0.40684151425568943
sigma_profile,111,0.3712112147329211
sigma_profile,112,0.3728038081989618
sigma_profile,113,0.30049690734733214
sigma_profile,114,0.3255680640239348
sigma_profile,115,0.34002984861429314
sigma_profile,116,0.30229411888372454
sigma_profile,117,0.33591251576217096
sigma_profile,118,0.3492859501276852
sigma_profile,119,0.3484640572918971
sigma_profile,120,0.31791349088610693
sigma_profile,121,0.33445386100085955
sigma_profile,122,0.31245077102125624
sigma_profile,123,0.3550430797446178
sigma_profile,124,0.3566276529411452
sigma_profile,125,0.30278741052427693
sigma_profile,126,0.33249916682752645
sigma_profile,127,0.32912176907864793
sigma_profile,128,0.3328726245576001
sigma_profile,129,0.3418982048256833
sigma_profile,130,0.3154178509094012
sigma_profile,131,0.3244505063378461
sigma_profile,132,0.30239537351910656
sigma_profile,133,0.3102648887403317
sigma_profile,134,0.32848974336031167
sigma_profile,135,0.3366060388954784
sigma_profile,136,0.2998842475768448
sigma_profile,137,0.34151552686070147
sigma_profile,138,0.3556018664832857
sigma_profile,139,0.34680173572929646
sigma_profile,140,0.3639084778570794
sigma_profile,141,0.33412116247877205
sigma_profile,142,0.3001746933411483
sigma_profile,143,0.3727147533775456
sigma_profile,144,0.34848805593784715
sigma_profile,145,0.3165336535030617
sigma_profile,146,0.3230233387922781
sigma_profile,147,0.33867496266048774
sigma_profile,148,0.3234608676318504
sigma_profile,149,0.30700746980223886
sigma_profile,150,0.3312835476741712
sigma_profile,151,0.3453577325167892
sigma_profile,152,0.34979795153666965
sigma_profile,153,0.3456855583051757
sigma_profile,154,0.34784275964517025
sigma_profile,155,0.3539954379549502
sigma_profile,156,0.33445582299897386
sigma_profile,157,0.34611794650818695
sigma_profile,158,0.3550604149589731
sigma_profile,159,0.32919358565200535
sigma_profile,160,0.330026401345537
sigma_profile,161,0.34260571954564384
sigma_profile,162,0.3311652168938285
sigma_profile,163,0.318562486268184
sigma_profile,164,0.3352418939247301
sigma_profile,165,0.338279513334302
sigma_profile,166,0.33040624571173954
sigma_profile,167,0.32252569007484483
sigma_profile,168,0.33576641840338634
sigma_profile,169,0.322440378274478
sigma_profile,170,0.29370374038290353
sigma_profile,171,0.3426376357865557
sigma_profile,172,0.34848645126090255
sigma_profile,173,0.3665836037875769
sigma_profile,174,0.34793587117768304
sigma_profile,175,0.3572341865157285
sigma_profile,176,0.33873963536605967
sigma_profile,177,0.3378538563880029
sigma_profile,178,0.3279484911891319
sigma_profile,179,0.3353716908490061
sigma_profile,180,0.347882413902626
sigma_profile,181,0.37493156170347075
sigma_profile,182,0.35953433847245253
sigma_profile,183,0.333105415930721
sigma_profile,184,0.33696159880346827
sigma_profile,185,0.34581147996953526
sigma_profile,186,0.33435977828041213
sigma_profile,187,0.3695077511689184
sigma_profile,188,0.321598660676178
sigma_profile,189,0.3231583715344208
sigma_profile,190,0.3718832343602243
sigma_profile,191,0.34882956615981814
sigma_profile,192,0.3541333285097776
sigma_profile,193,0.3857060137067851
sigma_profile,194,0.3623445487782082
sigma_profile,195,0.3317319661796625
sigma_profile,196,0.37205350655410047
sigma_profile,197,0.31581600632116635
sigma_profile,198,0.31669467830875014
sigma_profile,199,0.31467688411987704
sigma_profile,200,0.28975103018057596
sigma_profile,201,0.3327899112597347
sigma_profile,202,0.3287922364303109
sigma_profile,203,0.3275776733406682
sigma_profile,204,0.3493020331888965
sigma_profile,205,0.30941338913525945
sigma_profile,206,0.33968154832710007
sigma_profile,207,0.3506045763660493
sigma_profile,208,0.31562239613930865
sigma_profile,209,0.32731747621792584
sigma_profile,210,0.30682707709368484
sigma_profile,211,0.3372130615766961
sigma_profile,212,0.2955221605616671
sigma_profile,213,0.3254719772573867
sigma_profile,214,0.34776245795168204
sigma_profile,215,0.2876091866671453
sigma_profile,216,0.31701909959999786
sigma_profile,217,0.3211789486153638
sigma_profile,218,0.3429329697760796
sigma_profile,219,0.2759362525927953
sigma_profile,220,0.34239914989646797
sigma_profile,221,0.32614678212159515
sigma_profile,222,0.3770786691682552
sigma_profile,223,0.38973358869741376
sigma_profile,224,0.3139416544529607
sigma_profile,225,0.33089778318299407
sigma_profile,226,0.366872087381419
sigma_profile,227,0.35202204532423087
sigma_profile,228,0.3076955927088279
sigma_profile,229,0.3396524209668365
sigma_profile,230,0.3336979069051647
sigma_profile,231,0.3666421298695426
sigma_profile,232,0.3042037307788268
sigma_profile,233,0.31450344106742373
sigma_profile,234,0.3622797184791154
sigma_profile,235,0.295946476509701
sigma_profile,236,0.3198468550184734
sigma_profile,237,0.36549366566296965
sigma_profile,238,0.3479805045294331
sigma_profile,239,0.3498163373976986
sigma_profile,240,0.3840973515625621
sigma_profile,241,0.34742455051769533
sigma_profile,242,0.35911418517081084
sigma_profile,243,0.3355223381882631
sigma_profile,244,0.3355259372065042
sigma_profile,245,0.32345483299170535
sigma_profile,246,0.3727637561120168
sigma_profile,247,0.3520020356967868
sigma_profile,248,0.3492868634882352
sigma_profile,249,0.3372559708574221
sigma_profile,250,0.3485123044675939
sigma_profile,251,0.3156554097933821
sigma_profile,252,0.36248568097378714
sigma_profile,253,0.32280473641548996
sigma_profile,254,0.35221358730960484
sigma_profile,255,0.34665349860514344
sigma_profile,256,0.36786048070795757
sigma_profile,257,0.36296130657385683
sigma_profile,258,0.3345376130967342
sigma_profile,259,0.32901530131540313
sigma_profile,260,0.3024867759500261
sigma_profile,261,0.3814788983879705
sigma_profile,262,0.3473211440798953
sigma_profile,263,0.33370030512289867
sigma_profile,264,0.38258048879305484
sigma_profile,265,0.29957098439430135
sigma_profile,266,0.3349686504612479
sigma_profile,267,0.35311015607030205
sigma_profile,268,0.3602901248086014
sigma_profile,269,0.3342637147219008
sigma_profile,270,0.3314544312313212
sigma_profile,271,0.32879097472791996
sigma_profile,272,0.3642957949300556
sigma_profile,273,0.36946301057726777
sigma_profile,274,0.3300457365963863
sigma_profile,275,0.32811307708849474
sigma_profile,276,0.3170086482092781
sigma_profile,277,0.3429871101997897
sigma_profile,278,0.3655541563925064
sigma_profile,279,0.3400016480593464
sigma_profile,280,0.2835287012738905
sigma_profile,281,0.3233738054286834
sigma_profile,282,0.3275737414679159
sigma_profile,283,0.327322875367382
sigma_profile,284,0.32017564116694036
sigma_profile,285,0.3680895087298915
sigma_profile,286,0.3112793648497379
sigma_profile,287,0.35746261753510505
sigma_profile,288,0.2965358887655239
sigma_profile,289,0.3523077272229623
sigma_profile,290,0.3817031290509567
sigma_profile,291,0.3301531238353754
sigma_profile,292,0.31574504610917226
sigma_profile,293,0.32471680960508337
sigma_profile,294,0.33615594085881306
sigma_profile,295,0.3182843738441113
sigma_profile,296,0.3215034597697453
sigma_profile,297,0.3319734978931993
sigma_profile,298,0.35890930221033795
sigma_profile,299,0.34338276044638594
sigma_profile,300,0.33998613840434594
sigma_profile,301,0.356872034281483
sigma_profile,302,0.3651698976582567
sigma_profile,303,0.3439807999753304
sigma_profile,304,0.3256391070684802
sigma_profile,305,0.3389293322277948
sigma_profile,306,0.34468960182392944
sigma_profile,307,0.32833990193759993
sigma_profile,308,0.3356868716081555
sigma_profile,309,0.3283072640403846
sigma_profile,310,0.3117524436961016
sigma_profile,311,0.2818652963874475
sigma_profile,312,0.3583767434771075
sigma_profile,313,0.33207413449320905
sigma_profile,314,0.32609202827714406
sigma_profile,315,0.303884695905101
sigma_profile,316,0.30627893090688424
sigma_profile,317,0.391696222139069
sigma_profile,318,0.3449867050975682
sigma_profile,319,0.34028820827491346
sigma_profile,320,0.29015632332718483
sigma_profile,321,0.31960872751906694
sigma_profile,322,0.29670128839705345
sigma_profile,323,0.3314408873047142
sigma_profile,324,0.30863507504670906
sigma_profile,325,0.34117379094709355
sigma_profile,326,0.34019158865227817
sigma_profile,327,0.3450236997163836
sigma_profile,328,0.3350219633413894
sigma_profile,329,0.30679613603056777
sigma_profile,330,0.3176812072567951
sigma_profile,331,0.33144408450810253
sigma_profile,332,0.36118238523499596
sigma_profile,333,0.292542065899081
sigma_profile,334,0.35390465979502767
sigma_profile,335,0.3846198684706053
sigma_profile,336,0.320683775518886
sigma_profile,337,0.3650214697877119
sigma_profile,338,0.30257369681611224
sigma_profile,339,0.3450363379725279
sigma_profile,340,0.35234124848332343
sigma_profile,341,0.3303883985671046
sigma_profile,342,0.320334747792132
sigma_profile,343,0.34124063077234096
sigma_profile,344,0.3207887748077029
sigma_profile,345,0.33516891736713
sigma_profile,346,0.3445105723878923
sigma_profile,347,0.35484273968210234
sigma_profile,348,0.3284941890427684
sigma_profile,349,0.3479663136893951
sigma_profile,350,0.3612259844067917
sigma_profile,351,0.34921489219779134
sigma_profile,352,0.3198940941397391
sigma_profile,353,0.30533710248049
sigma_profile,354,0.3491205966815971
sigma_profile,355,0.3143590195610569
sigma_profile,356,0.3139646095341116
sigma_profile,357,0.3487623267662992
sigma_profile,358,0.30295351280148214
sigma_profile,359,0.3603840723383884
sigma_profile,360,0.3113203003152852
sigma_profile,361,0.2890724182724335
sigma_profile,362,0.3136268499727629
sigma_profile,363,0.34981971874135986
sigma_profile,364,0.3323116444366306
sigma_profile,365,0.3538585291962548
sigma_profile,366,0.3268042680471529
sigma_profile,367,0.38151720920103044
sigma_profile,368,0.3276713948586812
sigma_profile,369,0.2957285726804988
sigma_profile,370,0.33177230351789433
sigma_profile,371,0.34856006785176347
sigma_profile,372,0.36093570161105415
sigma_profile,373,0.34902186436622024
sigma_profile,374,0.3517974412876814
sigma_profile,375,0.3369728015187154
sigma_profile,376,0.35069583400173077
sigma_profile,377,0.31469140743668417
sigma_profile,378,0.3130691064996226
sigma_profile,379,0.37044244156057643
sigma_profile,380,0.2911010575495981
sigma_profile,381,0.3808938414610146
sigma_profile,382,0.32267918207459184
sigma_profile,383,0.31284505830638737
sigma_profile,384,0.3378125865353589
sigma_profile,385,0.3276889005485127
sigma_profile,386,0.3545384535020138
sigma_profile,387,0.36380126381725314
sigma_profile,388,0.30482703037522274
sigma_profile,389,0.37007758585630657
sigma_profile,390,0.33303607887186454
sigma_profile,391,0.3201122032972645
sigma_profile,392,0.3675648726452712
sigma_profile,393,0.35036892393386826
sigma_profile,394,0.3364553576340626
sigma_profile,395,0.30796200924084294
sigma_profile,396,0.3114077991904422
sigma_profile,397,0.31163125656323004
sigma_profile,398,0.30812756413006287
sigma_profile,399,0.3198249227369135
sigma_profile,400,0.3564465048079711
sigma_profile,401,0.3606997694026437
sigma_profile,402,0.33165788937299373
sigma_profile,403,0.35643524986436875
sigma_profile,404,0.34254495701337917
sigma_profile,405,0.3426778862751821
sigma_profile,406,0.32198257449778395
sigma_profile,407,0.32021021316059933
sigma_profile,408,0.308687616522374
sigma_profile,409,0.3222118075365335
sigma_profile,410,0.3048676861716589
sigma_profile,411,0.3058412087909635
sigma_profile,412,0.37875274806935594
sigma_profile,413,0.2867488474472625
sigma_profile,414,0.31196669124231485
sigma_profile,415,0.30645843442756415
sigma_profile,416,0.32427631580348903
sigma_profile,417,0.32987932076214604
sigma_profile,418,0.30858118809230817
sigma_profile,419,0.3131517726867115
sigma_profile,420,0.32021945967868276
sigma_profile,421,0.3244117417247174
sigma_profile,422,0.3302336317301748
sigma_profile,423,0.36520187881392824
sigma_profile,424,0.33247483626651103
sigma_profile,425,0.3230887772588864
sigma_profile,426,0.35003354821029903
sigma_profile,427,0.3032921677616766
sigma_profile,428,0.3184992266176179
sigma_profile,429,0.3152840985565034
sigma_profile,430,0.33439898111367095
sigma_profile,431,0.3417568954632971
sigma_profile,432,0.3156167714588664
sigma_profile,433,0.29499057583064814
sigma_profile,434,0.31046200902906956
sigma_profile,435,0.3064749587614954
sigma_profile,436,0.3044571221121055
sigma_profile,437,0.3318573027213662
sigma_profile,438,0.3338446480504389
sigma_profile,439,0.3402723975850625
sigma_profile,440,0.33997223235976276
sigma_profile,441,0.35995814799962794
sigma_profile,442,0.34116366143330773
sigma_profile,443,0.3213547203479073
sigma_profile,444,0.36134531955631405
sigma_profile,445,0.31972677520065645
sigma_profile,446,0.36430989776231276
sigma_profile,447,0.3428512944766014
sigma_profile,448,0.3729129776424199
sigma_profile,449,0.340781769905206
sigma_profile,450,0.35255534759335344
sigma_profile,451,0.3461778290827527
sigma_profile,452,0.376022335078307
sigma_profile,453,0.34259189268966533
sigma_profile,454,0.3042142721569878
sigma_profile,455,0.3329102251767634
sigma_profile,456,0.34444005587488563
sigma_profile,457,0.38995497362757225
sigma_profile,458,0.34509510693310225
sigma_profile,459,0.3188397177891835
sigma_profile,460,0.32352592555901033
sigma_profile,461,0.31867557806607666
sigma_profile,462,0.33443480370500295
sigma_profile,463,0.32970239255975187
sigma_profile,464,0.3471070505119764
sigma_profile,465,0.31980213898450327
sigma_profile,466,0.34708007027687643
sigma_profile,467,0.3175049056073043
sigma_profile,468,0.314210875625936
sigma_profile,469,0.3544586799034796
sigma_profile,470,0.3417779405781826
sigma_profile,471,0.3472386681321063
sigma_profile,472,0.299067911304891
sigma_profile,473,0.3118398062909004
sigma_profile,474,0.3814673709877207
sigma_profile,475,0.3601579031994917
sigma_profile,476,0.33625321618723497
sigma_profile,477,0.3246222409213139
sigma_profile,478,0.3070701156253856
sigma_profile,479,0.36444725276845974
sigma_profile,480,0.35459729556514835
sigma_profile,481,0.3070749829139187
sigma_profile,482,0.3519741814140729
sigma_profile,483,0.34083800000614833
sigma_profile,484,0.3462378637458359
sigma_profile,485,0.32101722858234294
sigma_profile,486,0.33016682276013554
sigma_profile,487,0.3453887670618076
sigma_profile,488,0.335815946779689
sigma_profile,489,0.32324945465657867
sigma_profile,490,0.3444554010717901
sigma_profile,491,0.3546111957658494
sigma_profile,492,0.33027499993014287
sigma_profile,493,0.3606773952308211
sigma_profile,494,0.3114490869343706
sigma_profile,495,0.32717903021860023
sigma_profile,496,0.36293868980340527
sigma_profile,497,0.35929326915504595
sigma_profile,498,0.380004827972441
sigma_profile,499,0.36303925651379815
sigma_profile,500,0.3430722808470343
graphmol_conf0,1,0.3500856477469741
graphmol_conf0,2,0.3870797891252451
graphmol_conf0,3,0.36024690332105574
graphmol_conf0,4,0.31515292037509784
graphmol_conf0,5,0.35567712197369244
graphmol_conf0,6,0.34979385689701936
graphmol_conf0,7,0.33284456425619907
graphmol_conf0,8,0.319144865125987
graphmol_conf0,9,0.3166422690079323
graphmol_conf0,10,0.3057491503316418
graphmol_conf0,11,0.32687653084876217
graphmol_conf0,12,0.318462904801086
graphmol_conf0,13,0.3114934938079207
graphmol_conf0,14,0.2946883418943415
graphmol_conf0,15,0.33524755013973145
graphmol_conf0,16,0.3127677695346802
graphmol_conf0,17,0.3611013970132264
graphmol_conf0,18,0.30982877112931834
graphmol_conf0,19,0.340819637228605
graphmol_conf0,20,0.36914772205792473
graphmol_conf0,21,0.3214729267778943
graphmol_conf0,22,0.3836135284416029
graphmol_conf0,23,0.3044138176315103
graphmol_conf0,24,0.32760252491123826
graphmol_conf0,25,0.3529058447771314
graphmol_conf0,26,0.3383474666638937
graphmol_conf0,27,0.2971174858081609
graphmol_conf0,28,0.35870685875503505
graphmol_conf0,29,0.32884972942270857
graphmol_conf0,30,0.32202306324815916
graphmol_conf0,31,0.35547469769280915
graphmol_conf0,32,0.39273260046250247
graphmol_conf0,33,0.3983544001292954
graphmol_conf0,34,0.3129758072966517
graphmol_conf0,35,0.35325967325158886
graphmol_conf0,36,0.3282064896189985
graphmol_conf0,37,0.3691572451898191
graphmol_conf0,38,0.36954050092945395
graphmol_conf0,39,0.38562817271586686
graphmol_conf0,40,0.3578649123786974
graphmol_conf0,41,0.3325857446071394
graphmol_conf0,42,0.34735263968104485
graphmol_conf0,43,0.2859634345498248
graphmol_conf0,44,0.32467509842944386
graphmol_conf0,45,0.34997179574256804
graphmol_conf0,46,0.34158860335574587
graphmol_conf0,47,0.3620250393620257
graphmol_conf0,48,0.2946400721217462
graphmol_conf0,49,0.32235595088840324
graphmol_conf0,50,0.3241831358225367
graphmol_conf0,51,0.3233567378235243
graphmol_conf0,52,0.3847516129886286
graphmol_conf0,53,0.34316608739229865
graphmol_conf0,54,0.34016551719946153
graphmol_conf0,55,0.35477767306627045
graphmol_conf0,56,0.33789852220119726
graphmol_conf0,57,0.3571036839318717
graphmol_conf0,58,0.2974787624505378
graphmol_conf0,59,0.2977637379913134
graphmol_conf0,60,0.3965045685057363
graphmol_conf0,61,0.32792552193595387
graphmol_conf0,62,0.37394147605299427
graphmol_conf0,63,0.3152154660709085
graphmol_conf0,64,0.32161544886981713
graphmol_conf0,65,0.3090992104686081
graphmol_conf0,66,0.3346829238845497
graphmol_conf0,67,0.3342540836687478
graphmol_conf0,68,0.34351974015817904
graphmol_conf0,69,0.3807599884369077
graphmol_conf0,70,0.33089909104068366
graphmol_conf0,71,0.32588944152308336
graphmol_conf0,72,0.35873798962718834
graphmol_conf0,73,0.35235806541923737
graphmol_conf0,74,0.31780154035069197
graphmol_conf0,75,0.348750374934825
graphmol_conf0,76,0.32789480844288243
graphmol_conf0,77,0.2613428665466702
graphmol_conf0,78,0.36084210692559826
graphmol_conf0,79,0.3146130630452496
graphmol_conf0,80,0.3073845816518663
graphmol_conf0,81,0.3595447671358023
graphmol_conf0,82,0.3132360307740981
graphmol_conf0,83,0.32359286087464295
graphmol_conf0,84,0.33761806374589093
graphmol_conf0,85,0.27775454021702384
graphmol_conf0,86,0.33847864181004456
graphmol_conf0,87,0.3124843119634568
graphmol_conf0,88,0.3439388836360348
graphmol_conf0,89,0.33810344573703505
graphmol_conf0,90,0.3318717067990396
graphmol_conf0,91,0.3346042717792353
graphmol_conf0,92,0.32843044921106185
graphmol_conf0,93,0.3104892990053087
graphmol_conf0,94,0.3468657367132271
graphmol_conf0,95,0.3440261423068993
graphmol_conf0,96,0.3392109186766878
graphmol_conf0,97,0.2873785824724618
graphmol_conf0,98,0.36450188409715617
graphmol_conf0,99,0.3499794903732593
graphmol_conf0,100,0.3323505826502464
graphmol_conf0,101,0.29681442599799696
graphmol_conf0,102,0.32584782412616276
graphmol_conf0,103,0.3189610931962934
graphmol_conf0,104,0.325148496488108
graphmol_conf0,105,0.34158577579464744
graphmol_conf0,106,0.32089069035370005
graphmol_conf0,107,0.31041955848127495
graphmol_conf0,108,0.29362550249672786
graphmol_conf0,109,0.3572990908482508
graphmol_conf0,110,0.3758192751857928
graphmol_conf0,111,0.315284200079858
graphmol_conf0,112,0.3702407507200352
graphmol_conf0,113,0.31106548099593395
graphmol_conf0,114,0.3375858637797795
graphmol_conf0,115,0.32561758775371713
graphmol_conf0,116,0.2899807398423732
graphmol_conf0,117,0.3244271697882225
graphmol_conf0,118,0.309226528874138
graphmol_conf0,119,0.3143402264667114
graphmol_conf0,120,0.3630498686594696
graphmol_conf0,121,0.32573004060899474
graphmol_conf0,122,0.35884681689141146
graphmol_conf0,123,0.3617610862004547
graphmol_conf0,124,0.3565761274472385
graphmol_conf0,125,0.3579217751916268
graphmol_conf0,126,0.37086156844337265
graphmol_conf0,127,0.34739625400628577
graphmol_conf0,128,0.35705939265607484
graphmol_conf0,129,0.3655288087710375
graphmol_conf0,130,0.3307854116970108
graphmol_conf0,131,0.33487151479219385
graphmol_conf0,132,0.3279539088945047
graphmol_conf0,133,0.3407789353513702
graphmol_conf0,134,0.3630758457390379
graphmol_conf0,135,0.3350467744907757
graphmol_conf0,136,0.3010037492848126
graphmol_conf0,137,0.38753620890664625
graphmol_conf0,138,0.351392436984157
graphmol_conf0,139,0.336270349979799
graphmol_conf0,140,0.3390948812335135
graphmol_conf0,141,0.3282294604899575
graphmol_conf0,142,0.3262124098135472
graphmol_conf0,143,0.3388364243580459
graphmol_conf0,144,0.32244209528675666
graphmol_conf0,145,0.35283524970917135
graphmol_conf0,146,0.36844254494970685
graphmol_conf0,147,0.3375248804201106
graphmol_conf0,148,0.32372745803602515
graphmol_conf0,149,0.3216157160101912
graphmol_conf0,150,0.31477589257734184
graphmol_conf0,151,0.3081550039088401
graphmol_conf0,152,0.3252344987063691
graphmol_conf0,153,0.33946082012767426
graphmol_conf0,154,0.3543293398055202
graphmol_conf0,155,0.3936188054868395
graphmol_conf0,156,0.3269676426817918
graphmol_conf0,157,0.33539375799071297
graphmol_conf0,158,0.348351131739625
graphmol_conf0,159,0.3285296373650257
graphmol_conf0,160,0.3364393625318727
graphmol_conf0,161,0.3586648722044949
graphmol_conf0,162,0.31014215408412504
graphmol_conf0,163,0.3476775778293084
graphmol_conf0,164,0.3503586175257925
graphmol_conf0,165,0.29177947844941937
graphmol_conf0,166,0.33888927588297424
graphmol_conf0,167,0.3203676612356172
graphmol_conf0,168,0.3252571446460942
graphmol_conf0,169,0.29772785518553807
graphmol_conf0,170,0.3701808680312984
graphmol_conf0,171,0.39806488801444617
graphmol_conf0,172,0.35817274503485175
graphmol_conf0,173,0.41318188460771665
graphmol_conf0,174,0.36314452228924027
graphmol_conf0,175,0.31191260210254923
graphmol_conf0,176,0.3618945270948546
graphmol_conf0,177,0.3398216755930754
graphmol_conf0,178,0.35211925412291123
graphmol_conf0,179,0.3241888269832012
graphmol_conf0,180,0.3413294344139352
graphmol_conf0,181,0.29767631459676314
graphmol_conf0,182,0.3401857594627533
graphmol_conf0,183,0.3270989593239197
graphmol_conf0,184,0.35993925001946686
graphmol_conf0,185,0.3178880765775446
graphmol_conf0,186,0.34471525875949177
graphmol_conf0,187,0.30690577954559806
graphmol_conf0,188,0.3153260799600059
graphmol_conf0,189,0.346379891222566
graphmol_conf0,190,0.3160494579205641
graphmol_conf0,191,0.3361648535154993
graphmol_conf0,192,0.34621086155200587
graphmol_conf0,193,0.32398116558504747
graphmol_conf0,194,0.3118954226500368
graphmol_conf0,195,0.33714213036156154
graphmol_conf0,196,0.34198250621854337
graphmol_conf0,197,0.33385391761091104
graphmol_conf0,198,0.29346867065853627
graphmol_conf0,199,0.30553278450867444
graphmol_conf0,200,0.31629671411895083
graphmol_conf0,201,0.3195970597385483
graphmol_conf0,202,0.3936096268181244
graphmol_conf0,203,0.3327557820471532
graphmol_conf0,204,0.37051381017115914
graphmol_conf0,205,0.32656845980215
graphmol_conf0,206,0.31910855935293275
graphmol_conf0,207,0.33789988009691907
graphmol_conf0,208,0.3260594207656194
graphmol_conf0,209,0.35565948751615967
graphmol_conf0,210,0.33204311612458853
graphmol_conf0,211,0.3059458172290574
graphmol_conf0,212,0.3318332657502185
graphmol_conf0,213,0.31007595081174744
graphmol_conf0,214,0.3505524284498022
graphmol_conf0,215,0.3259438219495088
graphmol_conf0,216,0.33317027894429657
graphmol_conf0,217,0.3051316887930638
graphmol_conf0,218,0.36575833183292383
graphmol_conf0,219,0.32333499702765023
graphmol_conf0,220,0.32357846183292643
graphmol_conf0,221,0.2996458027247627
graphmol_conf0,222,0.3043141383070372
graphmol_conf0,223,0.3660051839202785
graphmol_conf0,224,0.2748205260338826
graphmol_conf0,225,0.3104062965041361
graphmol_conf0,226,0.3401159397861329
graphmol_conf0,227,0.3306377387062856
graphmol_conf0,228,0.37320361880774017
graphmol_conf0,229,0.3058078431213382
graphmol_conf0,230,0.34259937214724395
graphmol_conf0,231,0.3768567647868206
graphmol_conf0,232,0.3556199167050664
graphmol_conf0,233,0.3107828989831584
graphmol_conf0,234,0.3410413522203117
graphmol_conf0,235,0.28286581506242403
graphmol_conf0,236,0.34214836284447186
graphmol_conf0,237,0.31117978074129155
graphmol_conf0,238,0.33510917790406597
graphmol_conf0,239,0.3296751582337625
graphmol_conf0,240,0.3671276332564681
graphmol_conf0,241,0.3002812402618613
graphmol_conf0,242,0.3380659356139448
graphmol_conf0,243,0.37827388056796546
graphmol_conf0,244,0.39032365133709906
graphmol_conf0,245,0.3311229328552448
graphmol_conf0,246,0.3374907347821576
graphmol_conf0,247,0.3584248584713477
graphmol_conf0,248,0.32659771507079005
graphmol_conf0,249,0.3157059566346028
graphmol_conf0,250,0.329032257555066
graphmol_conf0,251,0.32044286333542393
graphmol_conf0,252,0.3779562502783691
graphmol_conf0,253,0.34183308436143317
graphmol_conf0,254,0.3542646098678827
graphmol_conf0,255,0.3168272904670937
graphmol_conf0,256,0.30538918136055165
graphmol_conf0,257,0.35575080907797413
graphmol_conf0,258,0.3297575983145217
graphmol_conf0,259,0.32534430090412936
graphmol_conf0,260,0.32043181091728257
graphmol_conf0,261,0.3531137578102476
graphmol_conf0,262,0.38081414952976056
graphmol_conf0,263,0.3195054184090808
graphmol_conf0,264,0.3656756590945413
graphmol_conf0,265,0.36341672180240825
graphmol_conf0,266,0.33581512038995415
graphmol_conf0,267,0.3575601870041274
graphmol_conf0,268,0.3190994799975787
graphmol_conf0,269,0.3374464848798946
graphmol_conf0,270,0.3478622170605019
graphmol_conf0,271,0.32701789742593845
graphmol_conf0,272,0.33632637634813595
graphmol_conf0,273,0.36229953302231643
graphmol_conf0,274,0.3475459179070546
graphmol_conf0,275,0.2991258667808933
graphmol_conf0,276,0.3106522090869504
graphmol_conf0,277,0.3346835252604052
graphmol_conf0,278,0.36506779897927194
graphmol_conf0,279,0.34915294691764887
graphmol_conf0,280,0.31215897847262125
graphmol_conf0,281,0.34509728077627866
graphmol_conf0,282,0.3248819132340814
graphmol_conf0,283,0.3672776182084861
graphmol_conf0,284,0.30491323153722627
graphmol_conf0,285,0.30489464862306803
graphmol_conf0,286,0.34915551857510985
graphmol_conf0,287,0.316644747653738
graphmol_conf0,288,0.3619157405196307
graphmol_conf0,289,0.34188140714600374
graphmol_conf0,290,0.3399773829812884
graphmol_conf0,291,0.3048614768548085
graphmol_conf0,292,0.3530721466388078
graphmol_conf0,293,0.3224441785370004
graphmol_conf0,294,0.35008381593874316
graphmol_conf0,295,0.3514104874556658
graphmol_conf0,296,0.3494312731467432
graphmol_conf0,297,0.3244103761102521
graphmol_conf0,298,0.32597265473117787
graphmol_conf0,299,0.33768583915038103
graphmol_conf0,300,0.3379894705209563
graphmol_conf0,301,0.35149687300051285
graphmol_conf0,302,0.3308174526123056
graphmol_conf0,303,0.3571994709856066
graphmol_conf0,304,0.37877504721229993
graphmol_conf0,305,0.3466103734273553
graphmol_conf0,306,0.3929722563680674
graphmol_conf0,307,0.36444337980658864
graphmol_conf0,308,0.3540967933951981
graphmol_conf0,309,0.3569301763684125
graphmol_conf0,310,0.3377805364755333
graphmol_conf0,311,0.30798862188873277
graphmol_conf0,312,0.3000195525822053
graphmol_conf0,313,0.30376348732880126
graphmol_conf0,314,0.35660460919493037
graphmol_conf0,315,0.35787333094165663
graphmol_conf0,316,0.32993040041787886
graphmol_conf0,317,0.37153165464034615
graphmol_conf0,318,0.3214816462033286
graphmol_conf0,319,0.33830643976154495
graphmol_conf0,320,0.31061563251668717
graphmol_conf0,321,0.3418140759987182
graphmol_conf0,322,0.35049169888901455
graphmol_conf0,323,0.3574736392481927
graphmol_conf0,324,0.35450480346260743
graphmol_conf0,325,0.37357008846265166
graphmol_conf0,326,0.29120526029587773
graphmol_conf0,327,0.36310847906583255
graphmol_conf0,328,0.3180022858408595
graphmol_conf0,329,0.34301891983686766
graphmol_conf0,330,0.325355999037314
graphmol_conf0,331,0.35376341156411145
graphmol_conf0,332,0.28131439903993843
graphmol_conf0,333,0.3444458461733865
graphmol_conf0,334,0.3388453901804032
graphmol_conf0,335,0.32567478101872915
graphmol_conf0,336,0.35866160767861704
graphmol_conf0,337,0.34350825128157325
graphmol_conf0,338,0.3441737057517209
graphmol_conf0,339,0.3377669079832443
graphmol_conf0,340,0.3600950325443674
graphmol_conf0,341,0.34991603632314366
graphmol_conf0,342,0.3841327307221807
graphmol_conf0,343,0.36706028666035273
graphmol_conf0,344,0.34090736804453065
graphmol_conf0,345,0.3395079915512947
graphmol_conf0,346,0.33107552509461485
graphmol_conf0,347,0.317486668326814
graphmol_conf0,348,0.3607200023560219
graphmol_conf0,349,0.3105694206235357
graphmol_conf0,350,0.30219312420567596
graphmol_conf0,351,0.29025697064034534
graphmol_conf0,352,0.29315421761253324
graphmol_conf0,353,0.3442484880734065
graphmol_conf0,354,0.3801018093818398
graphmol_conf0,355,0.3249918224553606
graphmol_conf0,356,0.3192437716517436
graphmol_conf0,357,0.2932001611529043
graphmol_conf0,358,0.33439381883487024
graphmol_conf0,359,0.364702893855762
graphmol_conf0,360,0.3400907367092347
graphmol_conf0,361,0.3414752341832372
graphmol_conf0,362,0.31393821535158606
graphmol_conf0,363,0.32990177578135743
graphmol_conf0,364,0.3294315903869562
graphmol_conf0,365,0.36728275674239313
graphmol_conf0,366,0.3155683823152182
graphmol_conf0,367,0.36407890717061436
graphmol_conf0,368,0.3532363918210919
graphmol_conf0,369,0.3399005329454868
graphmol_conf0,370,0.2879544290797254
graphmol_conf0,371,0.30590281345970854
graphmol_conf0,372,0.33579603919460393
graphmol_conf0,373,0.30385024247074194
graphmol_conf0,374,0.34417974671321927
graphmol_conf0,375,0.30319355960970523
graphmol_conf0,376,0.36295945392635914
graphmol_conf0,377,0.3424526242243537
graphmol_conf0,378,0.35946329783956527
graphmol_conf0,379,0.300577945516679
graphmol_conf0,380,0.3417676734020005
graphmol_conf0,381,0.3061726298924752
graphmol_conf0,382,0.3220669329031884
graphmol_conf0,383,0.3692611023851678
graphmol_conf0,384,0.32439649435051804
graphmol_conf0,385,0.33264456849114826
graphmol_conf0,386,0.34593454199738455
graphmol_conf0,387,0.3589267404717534
graphmol_conf0,388,0.3687921129566445
graphmol_conf0,389,0.3306261106830533
graphmol_conf0,390,0.31159978259411875
graphmol_conf0,391,0.31077029804799006
graphmol_conf0,392,0.3498190743541694
graphmol_conf0,393,0.32915679573458484
graphmol_conf0,394,0.3324566566822517
graphmol_conf0,395,0.31630277918681177
graphmol_conf0,396,0.33562455784613765
graphmol_conf0,397,0.3470563430491122
graphmol_conf0,398,0.29396526023338415
graphmol_conf0,399,0.3357073044756966
graphmol_conf0,400,0.3441709900106929
graphmol_conf0,401,0.34105584899309543
graphmol_conf0,402,0.3298860165144066
graphmol_conf0,403,0.3783904253199993
graphmol_conf0,404,0.3804158974153801
graphmol_conf0,405,0.35887275939623237
graphmol_conf0,406,0.3353258436518281
graphmol_conf0,407,0.35131847444012737
graphmol_conf0,408,0.284340588837748
graphmol_conf0,409,0.35719736168210536
graphmol_conf0,410,0.3231975808572295
graphmol_conf0,411,0.35584798917585253
graphmol_conf0,412,0.35785305046176835
graphmol_conf0,413,0.37822929945411204
graphmol_conf0,414,0.30725662658824865
graphmol_conf0,415,0.33142715515304916
graphmol_conf0,416,0.3263118206249452
graphmol_conf0,417,0.33730323304616805
graphmol_conf0,418,0.32915116253852633
graphmol_conf0,419,0.3321415282677785
graphmol_conf0,420,0.3360089956381769
graphmol_conf0,421,0.3252087667761264
graphmol_conf0,422,0.3131133769468837
graphmol_conf0,423,0.404319678523998
graphmol_conf0,424,0.335985747419759
graphmol_conf0,425,0.3377628064643516
graphmol_conf0,426,0.3390393052626058
graphmol_conf0,427,0.3236700526287308
graphmol_conf0,428,0.3130499203740617
graphmol_conf0,429,0.3238714047302204
graphmol_conf0,430,0.33567371816041564
graphmol_conf0,431,0.32452438026383296
graphmol_conf0,432,0.4273173325500829
graphmol_conf0,433,0.3284466934132691
graphmol_conf0,434,0.32175746501900654
graphmol_conf0,435,0.31857206522618725
graphmol_conf0,436,0.29594426906998045
graphmol_conf0,437,0.2998198326712758
graphmol_conf0,438,0.35510374021922936
graphmol_conf0,439,0.3637359176351516
graphmol_conf0,440,0.30311654509470803
graphmol_conf0,441,0.31314785369317516
graphmol_conf0,442,0.3171513778354404
graphmol_conf0,443,0.34228363615553786
graphmol_conf0,444,0.34884374122363804
graphmol_conf0,445,0.32467894740331804
graphmol_conf0,446,0.3648787954251216
graphmol_conf0,447,0.3107359978997556
graphmol_conf0,448,0.3416593463413498
graphmol_conf0,449,0.3201815721423851
graphmol_conf0,450,0.3494984552932913
graphmol_conf0,451,0.3288213928171746
graphmol_conf0,452,0.3620741350087398
graphmol_conf0,453,0.32040376128957576
graphmol_conf0,454,0.34050355466478655
graphmol_conf0,455,0.34753992480955853
graphmol_conf0,456,0.3705281778674758
graphmol_conf0,457,0.3229968827490297
graphmol_conf0,458,0.37007280228277645
graphmol_conf0,459,0.3084431264631069
graphmol_conf0,460,0.3574929792935744
graphmol_conf0,461,0.3368862876796445
graphmol_conf0,462,0.3161379753674135
graphmol_conf0,463,0.35285016925833723
graphmol_conf0,464,0.35003692876631143
graphmol_conf0,465,0.3263031594346475
graphmol_conf0,466,0.34802752247384666
graphmol_conf0,467,0.3299667322079035
graphmol_conf0,468,0.3181691455537388
graphmol_conf0,469,0.3274073223076532
graphmol_conf0,470,0.3160894277241501
graphmol_conf0,471,0.3204951174870231
graphmol_conf0,472,0.34746673673057343
graphmol_conf0,473,0.3283903697462747
graphmol_conf0,474,0.3280923083731984
graphmol_conf0,475,0.3055243054883716
graphmol_conf0,476,0.3664107390051621
graphmol_conf0,477,0.349753253151407
graphmol_conf0,478,0.333084199423454
graphmol_conf0,479,0.3655044156568166
graphmol_conf0,480,0.3222111886964667
graphmol_conf0,481,0.3418796615491839
graphmol_conf0,482,0.3106336565970053
graphmol_conf0,483,0.34439606728264643
graphmol_conf0,484,0.3728593951665979
graphmol_conf0,485,0.3390184963419786
graphmol_conf0,486,0.3529432733239748
graphmol_conf0,487,0.3534051372934932
graphmol_conf0,488,0.3134126628505875
graphmol_conf0,489,0.35480818062858765
graphmol_conf0,490,0.3022939762467162
graphmol_conf0,491,0.31815341604183883
graphmol_conf0,492,0.34387685875633983
graphmol_conf0,493,0.36603774524798566
graphmol_conf0,494,0.3506389811590842
graphmol_conf0,495,0.3264041105105493
graphmol_conf0,496,0.33455406144588234
graphmol_conf0,497,0.3155639133856177
graphmol_conf0,498,0.33565353597153513
graphmol_conf0,499,0.38055395786886853
graphmol_conf0,500,0.33176383179854035
graphmol_boltzmann,1,0.36355318652230834
graphmol_boltzmann,2,0.3599073882392036
graphmol_boltzmann,3,0.3654251045607311
graphmol_boltzmann,4,0.36305998530370487
graphmol_boltzmann,5,0.3549840693808181
graphmol_boltzmann,6,0.3745402587250822
graphmol_boltzmann,7,0.2996935328770219
graphmol_boltzmann,8,0.3611604810592855
graphmol_boltzmann,9,0.3118057405075667
graphmol_boltzmann,10,0.302722521507972
graphmol_boltzmann,11,0.3517563004149226
graphmol_boltzmann,12,0.33629901894702513
graphmol_boltzmann,13,0.3567355542407689
graphmol_boltzmann,14,0.37106073056950506
graphmol_boltzmann,15,0.34056543884095003
graphmol_boltzmann,16,0.29843347545882387
graphmol_boltzmann,17,0.3193969904217148
graphmol_boltzmann,18,0.3324181522504525
graphmol_boltzmann,19,0.37946007314883995
graphmol_boltzmann,20,0.3690916791166419
graphmol_boltzmann,21,0.2911990784210483
graphmol_boltzmann,22,0.3621810961125365
graphmol_boltzmann,23,0.32683385413310767
graphmol_boltzmann,24,0.35697876644654397
graphmol_boltzmann,25,0.3414893923900253
graphmol_boltzmann,26,0.3604298594293874
graphmol_boltzmann,27,0.3232634384567304
graphmol_boltzmann,28,0.3373113016788621
graphmol_boltzmann,29,0.2937885226834471
graphmol_boltzmann,30,0.3288432616547025
graphmol_boltzmann,31,0.40892126124361816
graphmol_boltzmann,32,0.3933087413874938
graphmol_boltzmann,33,0.36903813700189786
graphmol_boltzmann,34,0.3182557673309886
graphmol_boltzmann,35,0.34033169979464867
graphmol_boltzmann,36,0.3198703647731029
graphmol_boltzmann,37,0.38169407046232195
graphmol_boltzmann,38,0.3750791660206047
graphmol_boltzmann,39,0.3546020616379241
graphmol_boltzmann,40,0.32650915143250275
graphmol_boltzmann,41,0.36694705856010973
graphmol_boltzmann,42,0.35257704328917855
graphmol_boltzmann,43,0.31055109491361477
graphmol_boltzmann,44,0.31503477742475566
graphmol_boltzmann,45,0.320758985140613
graphmol_boltzmann,46,0.36978491448629497
graphmol_boltzmann,47,0.3040336168520438
graphmol_boltzmann,48,0.31841864882283144
graphmol_boltzmann,49,0.3064364653196408
graphmol_boltzmann,50,0.32791061148632544
graphmol_boltzmann,51,0.3374358324150862
graphmol_boltzmann,52,0.3381468360291558
graphmol_boltzmann,53,0.3292515355166031
graphmol_boltzmann,54,0.2931426048867719
graphmol_boltzmann,55,0.3306306970336814
graphmol_boltzmann,56,0.32268657861690936
graphmol_boltzmann,57,0.369420205049145
graphmol_boltzmann,58,0.30283582827051825
graphmol_boltzmann,59,0.35863408890173964
graphmol_boltzmann,60,0.37195321128221986
graphmol_boltzmann,61,0.3355972193606882
graphmol_boltzmann,62,0.31681699321866946
graphmol_boltzmann,63,0.33583882160076634
graphmol_boltzmann,64,0.357227283497934
graphmol_boltzmann,65,0.2795046047417247
graphmol_boltzmann,66,0.3627286115615509
graphmol_boltzmann,67,0.34370707120652066
graphmol_boltzmann,68,0.3708585112734302
graphmol_boltzmann,69,0.3515841199632887
graphmol_boltzmann,70,0.3286390722131198
graphmol_boltzmann,71,0.31545400905698406
graphmol_boltzmann,72,0.33705569656900497
graphmol_boltzmann,73,0.3329146756671199
graphmol_boltzmann,74,0.30532276432897854
graphmol_boltzmann,75,0.3025801408602882
graphmol_boltzmann,76,0.339351271764186
graphmol_boltzmann,77,0.31585118207638213
graphmol_boltzmann,78,0.3733758717219057
graphmol_boltzmann,79,0.3441930042406565
graphmol_boltzmann,80,0.3143680309003281
graphmol_boltzmann,81,0.3333058365362036
graphmol_boltzmann,82,0.31486618327933097
graphmol_boltzmann,83,0.329904084455568
graphmol_boltzmann,84,0.35847189900916215
graphmol_boltzmann,85,0.29758784129457655
graphmol_boltzmann,86,0.34112667365467764
graphmol_boltzmann,87,0.32916235670991323
graphmol_boltzmann,88,0.3474237744266897
graphmol_boltzmann,89,0.3182979369916964
graphmol_boltzmann,90,0.3316951771621314
graphmol_boltzmann,91,0.3053027655740122
graphmol_boltzmann,92,0.307175617574361
graphmol_boltzmann,93,0.3375288183851041
graphmol_boltzmann,94,0.3120264106770298
graphmol_boltzmann,95,0.3346046608296968
graphmol_boltzmann,96,0.329112702619147
graphmol_boltzmann,97,0.32202121132933986
graphmol_boltzmann,98,0.38180598846685393
graphmol_boltzmann,99,0.34905577979330166
graphmol_boltzmann,100,0.3134343049256318
graphmol_boltzmann,101,0.3636003070317158
graphmol_boltzmann,102,0.33467219759063954
graphmol_boltzmann,103,0.33477301803822007
graphmol_boltzmann,104,0.33572450805095805
graphmol_boltzmann,105,0.3103916630252584
graphmol_boltzmann,106,0.3279532114102462
graphmol_boltzmann,107,0.3285833135738856
graphmol_boltzmann,108,0.309595034673488
graphmol_boltzmann,109,0.3344658393569729
graphmol_boltzmann,110,0.3710671878594198
graphmol_boltzmann,111,0.3329463649839817
graphmol_boltzmann,112,0.3606215170877393
graphmol_boltzmann,113,0.33562948347637206
graphmol_boltzmann,114,0.3313429070707463
graphmol_boltzmann,115,0.34757024801682884
graphmol_boltzmann,116,0.25706077881388145
graphmol_boltzmann,117,0.3202078040307375
graphmol_boltzmann,118,0.33085249092704544
graphmol_boltzmann,119,0.3652530233864106
graphmol_boltzmann,120,0.3392901728404767
graphmol_boltzmann,121,0.32334639233314866
graphmol_boltzmann,122,0.40537349624771335
graphmol_boltzmann,123,0.3724442051319996
graphmol_boltzmann,124,0.3295523052935811
graphmol_boltzmann,125,0.3508390431074035
graphmol_boltzmann,126,0.33650852441817064
graphmol_boltzmann,127,0.3357038799620713
graphmol_boltzmann,128,0.3125550620091357
graphmol_boltzmann,129,0.35661385884427504
graphmol_boltzmann,130,0.33990481131666545
graphmol_boltzmann,131,0.3169433351876218
graphmol_boltzmann,132,0.3059347773016262
graphmol_boltzmann,133,0.33087376660754525
graphmol_boltzmann,134,0.32616650768831507
graphmol_boltzmann,135,0.33563964950243874
graphmol_boltzmann,136,0.3106758157054015
graphmol_boltzmann,137,0.3692624730877765
graphmol_boltzmann,138,0.3383320406222327
graphmol_boltzmann,139,0.3467680977039214
graphmol_boltzmann,140,0.3598457627102844
graphmol_boltzmann,141,0.3532571560494389
graphmol_boltzmann,142,0.33331473708547876
graphmol_boltzmann,143,0.35750969333823024
graphmol_boltzmann,144,0.3201704028031162
graphmol_boltzmann,145,0.3612187812542171
graphmol_boltzmann,146,0.3686498494714976
graphmol_boltzmann,147,0.3380883500689085
graphmol_boltzmann,148,0.30365611990315117
graphmol_boltzmann,149,0.335362521912323
graphmol_boltzmann,150,0.3227697060918263
graphmol_boltzmann,151,0.33529726519512776
graphmol_boltzmann,152,0.3476463467629562
graphmol_boltzmann,153,0.3442089230904821
graphmol_boltzmann,154,0.30861862266542006
graphmol_boltzmann,155,0.37287714622898194
graphmol_boltzmann,156,0.31270603734558894
graphmol_boltzmann,157,0.310848952459867
graphmol_boltzmann,158,0.34589925646738845
graphmol_boltzmann,159,0.3565583843254791
graphmol_boltzmann,160,0.36912017295745647
graphmol_boltzmann,161,0.3865268787118638
graphmol_boltzmann,162,0.3452747849441704
graphmol_boltzmann,163,0.31154687275817405
graphmol_boltzmann,164,0.3453015535743679
graphmol_boltzmann,165,0.2986115830188827
graphmol_boltzmann,166,0.3511452884923057
graphmol_boltzmann,167,0.3393185718634877
graphmol_boltzmann,168,0.3309590759702878
graphmol_boltzmann,169,0.34571851952946525
graphmol_boltzmann,170,0.31090420917576383
graphmol_boltzmann,171,0.37897823756927723
graphmol_boltzmann,172,0.3643388738362696
graphmol_boltzmann,173,0.4341121929504581
graphmol_boltzmann,174,0.350180661109551
graphmol_boltzmann,175,0.3539150071072972
graphmol_boltzmann,176,0.33982312920113983
graphmol_boltzmann,177,0.322366215151074
graphmol_boltzmann,178,0.3482422198152577
graphmol_boltzmann,179,0.3446707601121983
graphmol_boltzmann,180,0.3304446568867641
graphmol_boltzmann,181,0.33938279401498944
graphmol_boltzmann,182,0.3129580322350297
graphmol_boltzmann,183,0.329168519373188
graphmol_boltzmann,184,0.3229510921226321
graphmol_boltzmann,185,0.3464258302100322
graphmol_boltzmann,186,0.3070326754086617
graphmol_boltzmann,187,0.33064268879597986
graphmol_boltzmann,188,0.33662856174801553
graphmol_boltzmann,189,0.34413191728997433
graphmol_boltzmann,190,0.32555746744212616
graphmol_boltzmann,191,0.34751352351489345
graphmol_boltzmann,192,0.3004521601926663
graphmol_boltzmann,193,0.3196924795577071
graphmol_boltzmann,194,0.33378994537499773
graphmol_boltzmann,195,0.35309266725046534
graphmol_boltzmann,196,0.3877406063721347
graphmol_boltzmann,197,0.3226774260432021
graphmol_boltzmann,198,0.3399755512870879
graphmol_boltzmann,199,0.3669750725794194
graphmol_boltzmann,200,0.3539190847475063
graphmol_boltzmann,201,0.31872885092509246
graphmol_boltzmann,202,0.3733620409593341
graphmol_boltzmann,203,0.3305706551240694
graphmol_boltzmann,204,0.35018987496438664
graphmol_boltzmann,205,0.36109491265820925
graphmol_boltzmann,206,0.37368733546539423
graphmol_boltzmann,207,0.31077449774345706
graphmol_boltzmann,208,0.35860941642071126
graphmol_boltzmann,209,0.2834729474644321
graphmol_boltzmann,210,0.3715166462452765
graphmol_boltzmann,211,0.32679659264872335
graphmol_boltzmann,212,0.30662548061577505
graphmol_boltzmann,213,0.3352723258315937
graphmol_boltzmann,214,0.35426558938187624
graphmol_boltzmann,215,0.3246038059730178
graphmol_boltzmann,216,0.3676207136202663
graphmol_boltzmann,217,0.3128722554142969
graphmol_boltzmann,218,0.34726558870371177
graphmol_boltzmann,219,0.2932844627983851
graphmol_boltzmann,220,0.3359185017682957
graphmol_boltzmann,221,0.3249572774064095
graphmol_boltzmann,222,0.38412854075609304
graphmol_boltzmann,223,0.34768048290113285
graphmol_boltzmann,224,0.31505728740601163
graphmol_boltzmann,225,0.3432193679892063
graphmol_boltzmann,226,0.3510111181130206
graphmol_boltzmann,227,0.36069815338866773
graphmol_boltzmann,228,0.356253110609896
graphmol_boltzmann,229,0.323689430333725
graphmol_boltzmann,230,0.3480934442998696
graphmol_boltzmann,231,0.3409661635360995
graphmol_boltzmann,232,0.3401413436895129
graphmol_boltzmann,233,0.2940495648473262
graphmol_boltzmann,234,0.340174119665432
graphmol_boltzmann,235,0.3003387340036576
graphmol_boltzmann,236,0.3499853734874829
graphmol_boltzmann,237,0.3630729611025476
graphmol_boltzmann,238,0.33711921402409345
graphmol_boltzmann,239,0.3092598667363904
graphmol_boltzmann,240,0.3641853437812514
graphmol_boltzmann,241,0.3218953336316112
graphmol_boltzmann,242,0.31454361641619805
graphmol_boltzmann,243,0.3014801012518881
graphmol_boltzmann,244,0.3310178956620645
graphmol_boltzmann,245,0.30300674353461193
graphmol_boltzmann,246,0.3743631707310981
graphmol_boltzmann,247,0.3481406200557189
graphmol_boltzmann,248,0.309576976988593
graphmol_boltzmann,249,0.3610966587484134
graphmol_boltzmann,250,0.3267760925685479
graphmol_boltzmann,251,0.2894861755381373
graphmol_boltzmann,252,0.3536395593104234
graphmol_boltzmann,253,0.3319753598139055
graphmol_boltzmann,254,0.3722378216057074
graphmol_boltzmann,255,0.3192363130324736
graphmol_boltzmann,256,0.32617706344193803
graphmol_boltzmann,257,0.3295567371168482
graphmol_boltzmann,258,0.3020284033057333
graphmol_boltzmann,259,0.32865343512590955
graphmol_boltzmann,260,0.3603821785602605
graphmol_boltzmann,261,0.3508714242762044
graphmol_boltzmann,262,0.3599743032058163
graphmol_boltzmann,263,0.36629954944468907
graphmol_boltzmann,264,0.365820390425093
graphmol_boltzmann,265,0.351541329279021
graphmol_boltzmann,266,0.34331274945751805
graphmol_boltzmann,267,0.3574205984583953
graphmol_boltzmann,268,0.36305730523363217
graphmol_boltzmann,269,0.31936535270884125
graphmol_boltzmann,270,0.3542884797531462
graphmol_boltzmann,271,0.34508554392532886
graphmol_boltzmann,272,0.3601014497488358
graphmol_boltzmann,273,0.33445794234534537
graphmol_boltzmann,274,0.33299993655705956
graphmol_boltzmann,275,0.32941295422719297
graphmol_boltzmann,276,0.3027308988617551
graphmol_boltzmann,277,0.3513659459379463
graphmol_boltzmann,278,0.3562355421865155
graphmol_boltzmann,279,0.36466465858046865
graphmol_boltzmann,280,0.3277386472465814
graphmol_boltzmann,281,0.33257117006585196
graphmol_boltzmann,282,0.3595962176761258
graphmol_boltzmann,283,0.313030786989946
graphmol_boltzmann,284,0.29148263072542546
graphmol_boltzmann,285,0.36417349409942057
graphmol_boltzmann,286,0.3242355195677585
graphmol_boltzmann,287,0.38827635982359987
graphmol_boltzmann,288,0.3452320331522331
graphmol_boltzmann,289,0.345182132867301
graphmol_boltzmann,290,0.3997306351639531
graphmol_boltzmann,291,0.3204840671895268
graphmol_boltzmann,292,0.34248013800573035
graphmol_boltzmann,293,0.335847027687489
graphmol_boltzmann,294,0.3197252730671858
graphmol_boltzmann,295,0.3010661729052913
graphmol_boltzmann,296,0.3720999144082982
graphmol_boltzmann,297,0.3102763730448343
graphmol_boltzmann,298,0.3549388950877063
graphmol_boltzmann,299,0.3083463493022612
graphmol_boltzmann,300,0.3553563526736056
graphmol_boltzmann,301,0.36596556998831614
graphmol_boltzmann,302,0.3288889158442865
graphmol_boltzmann,303,0.30635340014010587
graphmol_boltzmann,304,0.31558317493877375
graphmol_boltzmann,305,0.3609224177156026
graphmol_boltzmann,306,0.38264975020086744
graphmol_boltzmann,307,0.34922896954047733
graphmol_boltzmann,308,0.36894984155515437
graphmol_boltzmann,309,0.3283432650743235
graphmol_boltzmann,310,0.34114904140632296
graphmol_boltzmann,311,0.30208599748802084
graphmol_boltzmann,312,0.32047868583274314
graphmol_boltzmann,313,0.31292497454281926
graphmol_boltzmann,314,0.3613155294867525
graphmol_boltzmann,315,0.3324139730451444
graphmol_boltzmann,316,0.3329969048518118
graphmol_boltzmann,317,0.36431274639066324
graphmol_boltzmann,318,0.34666581379688804
graphmol_boltzmann,319,0.3205117540323417
graphmol_boltzmann,320,0.29720301425868767
graphmol_boltzmann,321,0.33754401443654175
graphmol_boltzmann,322,0.3410396462929972
graphmol_boltzmann,323,0.36511284957046514
graphmol_boltzmann,324,0.3212605045660288
graphmol_boltzmann,325,0.36126781360519006
graphmol_boltzmann,326,0.3397658433355948
graphmol_boltzmann,327,0.36042925115079516
graphmol_boltzmann,328,0.3425587032488899
graphmol_boltzmann,329,0.32236303104927494
graphmol_boltzmann,330,0.31408527632586297
graphmol_boltzmann,331,0.31869846304091065
graphmol_boltzmann,332,0.36460999060568217
graphmol_boltzmann,333,0.30087647435865256
graphmol_boltzmann,334,0.34903014320155196
graphmol_boltzmann,335,0.34876952737307737
graphmol_boltzmann,336,0.3466006853380108
graphmol_boltzmann,337,0.3613993058771539
graphmol_boltzmann,338,0.3928781361440478
graphmol_boltzmann,339,0.3208006249570908
graphmol_boltzmann,340,0.4047990653272551
graphmol_boltzmann,341,0.37185032797776835
graphmol_boltzmann,342,0.3236442785099104
graphmol_boltzmann,343,0.3695652180414273
graphmol_boltzmann,344,0.3432896293154397
graphmol_boltzmann,345,0.32044766028231336
graphmol_boltzmann,346,0.34699171383771965
graphmol_boltzmann,347,0.31967498148047596
graphmol_boltzmann,348,0.31384252672782414
graphmol_boltzmann,349,0.32300588162396027
graphmol_boltzmann,350,0.3639990932492776
graphmol_boltzmann,351,0.3316855328104615
graphmol_boltzmann,352,0.3587268205403507
graphmol_boltzmann,353,0.31280525745221716
graphmol_boltzmann,354,0.35771432213452165
graphmol_boltzmann,355,0.31328173417015853
graphmol_boltzmann,356,0.35729008757399416
graphmol_boltzmann,357,0.3303010388801959
graphmol_boltzmann,358,0.30809586922170734
graphmol_boltzmann,359,0.3409248994400511
graphmol_boltzmann,360,0.33542629450967953
graphmol_boltzmann,361,0.3395897260453266
graphmol_boltzmann,362,0.3225242760382428
graphmol_boltzmann,363,0.3450905866617011
graphmol_boltzmann,364,0.3329672110197259
graphmol_boltzmann,365,0.4077812633004514
graphmol_boltzmann,366,0.3513788671979919
graphmol_boltzmann,367,0.33482098524465836
graphmol_boltzmann,368,0.3575980968134756
graphmol_boltzmann,369,0.3391803708628451
graphmol_boltzmann,370,0.30623496020158764
graphmol_boltzmann,371,0.3357745687187348
graphmol_boltzmann,372,0.3360938121026711
graphmol_boltzmann,373,0.3193025334811655
graphmol_boltzmann,374,0.3359688314567104
graphmol_boltzmann,375,0.30923776456481206
graphmol_boltzmann,376,0.34889733865146094
graphmol_boltzmann,377,0.33401082917319985
graphmol_boltzmann,378,0.3463399676550292
graphmol_boltzmann,379,0.29514402768211817
graphmol_boltzmann,380,0.3218184291826886
graphmol_boltzmann,381,0.3347942835700313
graphmol_boltzmann,382,0.3092006719686727
graphmol_boltzmann,383,0.3315422015999339
graphmol_boltzmann,384,0.3166793914084188
graphmol_boltzmann,385,0.3038743048279567
graphmol_boltzmann,386,0.33150045078275975
graphmol_boltzmann,387,0.3631515966104004
graphmol_boltzmann,388,0.3774209737605871
graphmol_boltzmann,389,0.34944404017203506
graphmol_boltzmann,390,0.38916496067500916
graphmol_boltzmann,391,0.3133213350540191
graphmol_boltzmann,392,0.38370429132190825
graphmol_boltzmann,393,0.31566173023204375
graphmol_boltzmann,394,0.35149028097484103
graphmol_boltzmann,395,0.3180306229927989
graphmol_boltzmann,396,0.33531353890101206
graphmol_boltzmann,397,0.35820289760768714
graphmol_boltzmann,398,0.3100797929026532
graphmol_boltzmann,399,0.35380399727909256
graphmol_boltzmann,400,0.38513834942975494
graphmol_boltzmann,401,0.3374727738309289
graphmol_boltzmann,402,0.33797976980501226
graphmol_boltzmann,403,0.371564377723055
graphmol_boltzmann,404,0.3774558290633941
graphmol_boltzmann,405,0.3331648699506342
graphmol_boltzmann,406,0.30824939322151906
graphmol_boltzmann,407,0.3393640907329288
graphmol_boltzmann,408,0.3008754284849895
graphmol_boltzmann,409,0.34100180552409837
graphmol_boltzmann,410,0.3101873240808307
graphmol_boltzmann,411,0.3544123658523109
graphmol_boltzmann,412,0.375037107749924
graphmol_boltzmann,413,0.37204257953654785
graphmol_boltzmann,414,0.32937378662601724
graphmol_boltzmann,415,0.3537953811555976
graphmol_boltzmann,416,0.334365071046689
graphmol_boltzmann,417,0.3202254670806923
graphmol_boltzmann,418,0.35213392782612046
graphmol_boltzmann,419,0.3565148991141056
graphmol_boltzmann,420,0.34635196710899746
graphmol_boltzmann,421,0.3340601780438475
graphmol_boltzmann,422,0.32562737325262714
graphmol_boltzmann,423,0.4152788983485682
graphmol_boltzmann,424,0.38593319648078356
graphmol_boltzmann,425,0.3402397852613037
graphmol_boltzmann,426,0.37172544199410695
graphmol_boltzmann,427,0.3372692829732693
graphmol_boltzmann,428,0.3212592457489922
graphmol_boltzmann,429,0.3453798822789355
graphmol_boltzmann,430,0.32124382047072764
graphmol_boltzmann,431,0.35117433924346053
graphmol_boltzmann,432,0.3662453124643165
graphmol_boltzmann,433,0.3748392575341957
graphmol_boltzmann,434,0.31050732811782555
graphmol_boltzmann,435,0.3045344808982415
graphmol_boltzmann,436,0.31573234177553783
graphmol_boltzmann,437,0.3379183321679266
graphmol_boltzmann,438,0.3418548620116319
graphmol_boltzmann,439,0.3539051672018389
graphmol_boltzmann,440,0.3591492147849981
graphmol_boltzmann,441,0.3288086816682743
graphmol_boltzmann,442,0.3328224293727515
graphmol_boltzmann,443,0.3636783165658162
graphmol_boltzmann,444,0.36391980833020643
graphmol_boltzmann,445,0.34719925297830606
graphmol_boltzmann,446,0.3457806193036985
graphmol_boltzmann,447,0.3279810673113098
graphmol_boltzmann,448,0.355277049029948
graphmol_boltzmann,449,0.33825266774077994
graphmol_boltzmann,450,0.35618160683763417
graphmol_boltzmann,451,0.3196667320123288
graphmol_boltzmann,452,0.3539730846359277
graphmol_boltzmann,453,0.32421496059916177
graphmol_boltzmann,454,0.32180056674006896
graphmol_boltzmann,455,0.368540671880153
graphmol_boltzmann,456,0.3333814881330874
graphmol_boltzmann,457,0.32646176654939857
graphmol_boltzmann,458,0.36025980288720955
graphmol_boltzmann,459,0.3266406820113726
graphmol_boltzmann,460,0.3196983318248628
graphmol_boltzmann,461,0.32610651564566456
graphmol_boltzmann,462,0.3367011679992842
graphmol_boltzmann,463,0.3687345877634715
graphmol_boltzmann,464,0.3390475957552568
graphmol_boltzmann,465,0.3490811013652897
graphmol_boltzmann,466,0.3307536716034611
graphmol_boltzmann,467,0.3857757900720821
graphmol_boltzmann,468,0.34379453153075
graphmol_boltzmann,469,0.3483531127102888
graphmol_boltzmann,470,0.33307190284844207
graphmol_boltzmann,471,0.35590323512184935
graphmol_boltzmann,472,0.31291261842647405
graphmol_boltzmann,473,0.29837748845315787
graphmol_boltzmann,474,0.362232390253804
graphmol_boltzmann,475,0.3205352551080694
graphmol_boltzmann,476,0.36908398489365535
graphmol_boltzmann,477,0.34939725392054416
graphmol_boltzmann,478,0.32669597064207306
graphmol_boltzmann,479,0.3684126417398175
graphmol_boltzmann,480,0.3105856582010546
graphmol_boltzmann,481,0.331751209343143
graphmol_boltzmann,482,0.3309520621602719
graphmol_boltzmann,483,0.3652740524612213
graphmol_boltzmann,484,0.41101348032847246
graphmol_boltzmann,485,0.33104823769285785
graphmol_boltzmann,486,0.32764077729202074
graphmol_boltzmann,487,0.321117866348917
graphmol_boltzmann,488,0.3608596446696734
graphmol_boltzmann,489,0.29779210014226853
graphmol_boltzmann,490,0.34270743317970376
graphmol_boltzmann,491,0.34441690012713133
graphmol_boltzmann,492,0.3693951197547834
graphmol_boltzmann,493,0.32579802913405415
graphmol_boltzmann,494,0.26989380867383644
graphmol_boltzmann,495,0.3166879396281002
graphmol_boltzmann,496,0.35656283306885356
graphmol_boltzmann,497,0.37826701031309073
graphmol_boltzmann,498,0.32885277997702095
graphmol_boltzmann,499,0.3519921330336966
graphmol_boltzmann,500,0.34472096649378087
graphmol_dipole,1,0.36972821887516255
graphmol_dipole,2,0.36186518538356244
graphmol_dipole,3,0.3558468612556509
graphmol_dipole,4,0.36448045980591054
graphmol_dipole,5,0.3518920857561218
graphmol_dipole,6,0.371991720435174
graphmol_dipole,7,0.29796857538423555
graphmol_dipole,8,0.372156029899735
graphmol_dipole,9,0.3107857715568249
graphmol_dipole,10,0.3044359306692042
graphmol_dipole,11,0.3509667458974608
graphmol_dipole,12,0.33381101412064923
graphmol_dipole,13,0.3677852369477009
graphmol_dipole,14,0.37058676908985033
graphmol_dipole,15,0.3691861864853088
graphmol_dipole,16,0.30112099309558377
graphmol_dipole,17,0.3138802490541484
graphmol_dipole,18,0.34277166927890934
graphmol_dipole,19,0.37381527736262515
graphmol_dipole,20,0.36908589259217833
graphmol_dipole,21,0.28816470707751396
graphmol_dipole,22,0.34911125532842946
graphmol_dipole,23,0.31970548016405853
graphmol_dipole,24,0.37821011951677835
graphmol_dipole,25,0.33819728705056923
graphmol_dipole,26,0.34876069905440193
graphmol_dipole,27,0.3396702735751575
graphmol_dipole,28,0.32519214230162274
graphmol_dipole,29,0.28797945684842935
graphmol_dipole,30,0.32517749775893007
graphmol_dipole,31,0.4055785720674614
graphmol_dipole,32,0.3789896303439626
graphmol_dipole,33,0.36592823969178817
graphmol_dipole,34,0.32591603945844433
graphmol_dipole,35,0.3440771541251217
graphmol_dipole,36,0.32175215870547036
graphmol_dipole,37,0.36978149034712143
graphmol_dipole,38,0.36687835570914723
graphmol_dipole,39,0.35856677316384694
graphmol_dipole,40,0.35726507084867265
graphmol_dipole,41,0.3646377399464713
graphmol_dipole,42,0.34849828633248997
graphmol_dipole,43,0.3183710296085351
graphmol_dipole,44,0.31104176067531897
graphmol_dipole,45,0.3147378959862483
graphmol_dipole,46,0.3848693298911033
graphmol_dipole,47,0.30791209035622985
graphmol_dipole,48,0.3169181296400258
graphmol_dipole,49,0.29962878484828376
graphmol_dipole,50,0.3272748825493399
graphmol_dipole,51,0.3326769143201904
graphmol_dipole,52,0.3491720189882223
graphmol_dipole,53,0.32160016485896104
graphmol_dipole,54,0.2892676417045406
graphmol_dipole,55,0.32430471651637877
graphmol_dipole,56,0.3477211238226707
graphmol_dipole,57,0.3639348018071554
graphmol_dipole,58,0.299844581350445
graphmol_dipole,59,0.35261156983305275
graphmol_dipole,60,0.3671559755558267
graphmol_dipole,61,0.33111409985291135
graphmol_dipole,62,0.3275059322150428
graphmol_dipole,63,0.3382512166353104
graphmol_dipole,64,0.3543734162497188
graphmol_dipole,65,0.28023824131114056
graphmol_dipole,66,0.3512242309733709
graphmol_dipole,67,0.33825249442890537
graphmol_dipole,68,0.3711850769085263
graphmol_dipole,69,0.34726234751701707
graphmol_dipole,70,0.3238129941764222
graphmol_dipole,71,0.30649831334925476
graphmol_dipole,72,0.3336695286445008
graphmol_dipole,73,0.33012249965409785
graphmol_dipole,74,0.3018889829763124
graphmol_dipole,75,0.31145348097526493
graphmol_dipole,76,0.35871609607594573
graphmol_dipole,77,0.3115140703303007
graphmol_dipole,78,0.3682533932316212
graphmol_dipole,79,0.341819538632512
graphmol_dipole,80,0.31356128907291847
graphmol_dipole,81,0.33423573474069346
graphmol_dipole,82,0.3134556208204445
graphmol_dipole,83,0.33614314096192616
graphmol_dipole,84,0.3555066621535253
graphmol_dipole,85,0.2889226941812379
graphmol_dipole,86,0.337231221033063
graphmol_dipole,87,0.35001204470548714
graphmol_dipole,88,0.34832638790277715
graphmol_dipole,89,0.31744657356081446
graphmol_dipole,90,0.3399016717651353
graphmol_dipole,91,0.3037844329521078
graphmol_dipole,92,0.3042022418144803
graphmol_dipole,93,0.33805444327448875
graphmol_dipole,94,0.3050217861184417
graphmol_dipole,95,0.3379581087881281
graphmol_dipole,96,0.32467222067533136
graphmol_dipole,97,0.32244269637512196
graphmol_dipole,98,0.3839717803254161
graphmol_dipole,99,0.3469487491255596
graphmol_dipole,100,0.32879837910037946
graphmol_dipole,101,0.3508584179812297
graphmol_dipole,102,0.34049499368008695
graphmol_dipole,103,0.32622224759640156
graphmol_dipole,104,0.33137747771508413
graphmol_dipole,105,0.3172595355954719
graphmol_dipole,106,0.34968571240011537
graphmol_dipole,107,0.3215135662306996
graphmol_dipole,108,0.3068327352427737
graphmol_dipole,109,0.3374683693116554
graphmol_dipole,110,0.3708103901497107
graphmol_dipole,111,0.3292239705587458
graphmol_dipole,112,0.38317993460011285
graphmol_dipole,113,0.3285124923484625
graphmol_dipole,114,0.3236626579382362
graphmol_dipole,115,0.35083021192436775
graphmol_dipole,116,0.2901620856596992
graphmol_dipole,117,0.3269048782371742
graphmol_dipole,118,0.32773549267364843
graphmol_dipole,119,0.3571270249811984
graphmol_dipole,120,0.34057260498793124
graphmol_dipole,121,0.3193485797705959
graphmol_dipole,122,0.4116537414285311
graphmol_dipole,123,0.37301330899719054
graphmol_dipole,124,0.3316293924980509
graphmol_dipole,125,0.36790999047164025
graphmol_dipole,126,0.33494073633158256
graphmol_dipole,127,0.3278255614385574
graphmol_dipole,128,0.31415962044247253
graphmol_dipole,129,0.35105726475311405
graphmol_dipole,130,0.3460951443116324
graphmol_dipole,131,0.33873022430715305
graphmol_dipole,132,0.3058968186536168
graphmol_dipole,133,0.33230710185784346
graphmol_dipole,134,0.3249454213371289
graphmol_dipole,135,0.34340532050669553
graphmol_dipole,136,0.3081714162322322
graphmol_dipole,137,0.38905018293733434
graphmol_dipole,138,0.3422143424466495
graphmol_dipole,139,0.33843474214476865
graphmol_dipole,140,0.37162631432861376
graphmol_dipole,141,0.34705750249122835
graphmol_dipole,142,0.3312351248470696
graphmol_dipole,143,0.3673052381418507
graphmol_dipole,144,0.3288975116581713
graphmol_dipole,145,0.37021706186016995
graphmol_dipole,146,0.3595445358137863
graphmol_dipole,147,0.3210192231835016
graphmol_dipole,148,0.30838442306847874
graphmol_dipole,149,0.32890690653712557
graphmol_dipole,150,0.3228506038396773
graphmol_dipole,151,0.34124658182576734
graphmol_dipole,152,0.3571722401842183
graphmol_dipole,153,0.35113785217332255
graphmol_dipole,154,0.3144031381987162
graphmol_dipole,155,0.377645027064768
graphmol_dipole,156,0.31287593313446493
graphmol_dipole,157,0.31982164280149666
graphmol_dipole,158,0.34772716181514407
graphmol_dipole,159,0.35154762851542865
graphmol_dipole,160,0.36729816641933927
graphmol_dipole,161,0.37881803106855766
graphmol_dipole,162,0.35098214042403875
graphmol_dipole,163,0.30400625538409903
graphmol_dipole,164,0.33892640238823013
graphmol_dipole,165,0.2990957732540182
graphmol_dipole,166,0.3461706315351112
graphmol_dipole,167,0.3369231739310575
graphmol_dipole,168,0.3229911893538166
graphmol_dipole,169,0.3491433075850223
graphmol_dipole,170,0.3105034165993377
graphmol_dipole,171,0.36612685002819184
graphmol_dipole,172,0.36179722993454844
graphmol_dipole,173,0.4306780778219319
graphmol_dipole,174,0.34335747340927125
graphmol_dipole,175,0.37885864450818135
graphmol_dipole,176,0.33930238055802464
graphmol_dipole,177,0.3160826023699928
graphmol_dipole,178,0.3484170877748785
graphmol_dipole,179,0.3389616956795121
graphmol_dipole,180,0.3340282809908853
graphmol_dipole,181,0.33348320887114963
graphmol_dipole,182,0.3066520053742251
graphmol_dipole,183,0.3349905765687437
graphmol_dipole,184,0.32314458551329933
graphmol_dipole,185,0.3530628380357476
graphmol_dipole,186,0.30813610595355023
graphmol_dipole,187,0.3195955357607742
graphmol_dipole,188,0.3445315744843462
graphmol_dipole,189,0.3505776260878897
graphmol_dipole,190,0.31747265921551904
graphmol_dipole,191,0.3475424478625259
graphmol_dipole,192,0.29727177695773443
graphmol_dipole,193,0.3451620639443409
graphmol_dipole,194,0.3311636402222193
graphmol_dipole,195,0.3464880609536758
graphmol_dipole,196,0.3802443410669771
graphmol_dipole,197,0.34424845389156555
graphmol_dipole,198,0.32388035238815727
graphmol_dipole,199,0.3595393434703901
graphmol_dipole,200,0.3437339990326072
graphmol_dipole,201,0.3164051724434144
graphmol_dipole,202,0.37530234857664935
graphmol_dipole,203,0.331544891961884
graphmol_dipole,204,0.3439824251379826
graphmol_dipole,205,0.36974635983687887
graphmol_dipole,206,0.3640195067311969
graphmol_dipole,207,0.3126483098250477
graphmol_dipole,208,0.36373603463457155
graphmol_dipole,209,0.31778887659514116
graphmol_dipole,210,0.37143456257978896
graphmol_dipole,211,0.32860606059320246
graphmol_dipole,212,0.3051792589879629
graphmol_dipole,213,0.3424917895395823
graphmol_dipole,214,0.3577993688774215
graphmol_dipole,215,0.3173499174437127
graphmol_dipole,216,0.37224681870799264
graphmol_dipole,217,0.3145368109646009
graphmol_dipole,218,0.34290231783238845
graphmol_dipole,219,0.297398499751311
graphmol_dipole,220,0.33655999758470606
graphmol_dipole,221,0.32157756568810936
graphmol_dipole,222,0.3825086293076634
graphmol_dipole,223,0.3549184694561585
graphmol_dipole,224,0.3180644088241887
graphmol_dipole,225,0.3365861224148559
graphmol_dipole,226,0.3626278606144751
graphmol_dipole,227,0.36394042640551466
graphmol_dipole,228,0.35139878473105846
graphmol_dipole,229,0.31910613434989804
graphmol_dipole,230,0.3491126464145622
graphmol_dipole,231,0.34575994089673706
graphmol_dipole,232,0.3667670074650391
graphmol_dipole,233,0.3070136796566592
graphmol_dipole,234,0.33468635138731884
graphmol_dipole,235,0.3043021828364447
graphmol_dipole,236,0.34877137629054483
graphmol_dipole,237,0.355266485892449
graphmol_dipole,238,0.3325097369263254
graphmol_dipole,239,0.3048663038954654
graphmol_dipole,240,0.3569412413375303
graphmol_dipole,241,0.3232964956586988
graphmol_dipole,242,0.3165903382125667
graphmol_dipole,243,0.30257252465283363
graphmol_dipole,244,0.3201665094875294
graphmol_dipole,245,0.3014203437315485
graphmol_dipole,246,0.3665176126346032
graphmol_dipole,247,0.35384043292376227
graphmol_dipole,248,0.2993619383615152
graphmol_dipole,249,0.34788233926729145
graphmol_dipole,250,0.3310672913471541
graphmol_dipole,251,0.31159246183552736
graphmol_dipole,252,0.3550055830304109
graphmol_dipole,253,0.3250910193442026
graphmol_dipole,254,0.37736662838578505
graphmol_dipole,255,0.3222303860283058
graphmol_dipole,256,0.3137421766476568
graphmol_dipole,257,0.32730419910718983
graphmol_dipole,258,0.299987691461015
graphmol_dipole,259,0.3288428865489972
graphmol_dipole,260,0.3544837114257655
graphmol_dipole,261,0.34916524318321934
graphmol_dipole,262,0.355810342464055
graphmol_dipole,263,0.36845497948556205
graphmol_dipole,264,0.3539956418097068
graphmol_dipole,265,0.35225926055455936
graphmol_dipole,266,0.34819610622765196
graphmol_dipole,267,0.35385003351033023
graphmol_dipole,268,0.366301351296834
graphmol_dipole,269,0.313275375355803
graphmol_dipole,270,0.3567380028918758
graphmol_dipole,271,0.3411794922483165
graphmol_dipole,272,0.3540983532321044
graphmol_dipole,273,0.3324766094210981
graphmol_dipole,274,0.3308029782381664
graphmol_dipole,275,0.325106837813635
graphmol_dipole,276,0.31101942567663027
graphmol_dipole,277,0.3480495400550727
graphmol_dipole,278,0.35525995370266844
graphmol_dipole,279,0.3582069051164951
graphmol_dipole,280,0.325535673649408
graphmol_dipole,281,0.3396594123585049
graphmol_dipole,282,0.3761113271947322
graphmol_dipole,283,0.3248623189525011
graphmol_dipole,284,0.2970831802281144
graphmol_dipole,285,0.3560543406822805
graphmol_dipole,286,0.33129690974958725
graphmol_dipole,287,0.3741585473111479
graphmol_dipole,288,0.33849107056516275
graphmol_dipole,289,0.33753226081598037
graphmol_dipole,290,0.4006196390518193
graphmol_dipole,291,0.3206762949902347
graphmol_dipole,292,0.34859809604157427
graphmol_dipole,293,0.33902242399245447
graphmol_dipole,294,0.311988041183451
graphmol_dipole,295,0.29919431189632134
graphmol_dipole,296,0.361646158642253
graphmol_dipole,297,0.3112031649775177
graphmol_dipole,298,0.3461149016268384
graphmol_dipole,299,0.3145892053274214
graphmol_dipole,300,0.35173343718902
graphmol_dipole,301,0.36187447296503
graphmol_dipole,302,0.3419337275822392
graphmol_dipole,303,0.3051264198420814
graphmol_dipole,304,0.3284833684866781
graphmol_dipole,305,0.35470738868493773
graphmol_dipole,306,0.38149483648217847
graphmol_dipole,307,0.35345429390379207
graphmol_dipole,308,0.3663598155181997
graphmol_dipole,309,0.3251195673330848
graphmol_dipole,310,0.3310078909979461
graphmol_dipole,311,0.3016149211989421
graphmol_dipole,312,0.327116854681403
graphmol_dipole,313,0.30982451620995194
graphmol_dipole,314,0.35972538979010005
graphmol_dipole,315,0.33821697008708984
graphmol_dipole,316,0.3317621148193273
graphmol_dipole,317,0.3739315442815641
graphmol_dipole,318,0.33269774667942326
graphmol_dipole,319,0.3168098330652213
graphmol_dipole,320,0.30169797176101637
graphmol_dipole,321,0.3227930572625812
graphmol_dipole,322,0.3422307750982158
graphmol_dipole,323,0.3621854211066921
graphmol_dipole,324,0.31787485190476383
graphmol_dipole,325,0.35972671667816986
graphmol_dipole,326,0.33406040810988663
graphmol_dipole,327,0.3727895157069123
graphmol_dipole,328,0.34590442805430843
graphmol_dipole,329,0.31741102067129456
graphmol_dipole,330,0.3063835036152866
graphmol_dipole,331,0.3116103516197251
graphmol_dipole,332,0.35921387363432306
graphmol_dipole,333,0.31021816735425356
graphmol_dipole,334,0.34220925853326206
graphmol_dipole,335,0.34162502217066626
graphmol_dipole,336,0.35623650631375314
graphmol_dipole,337,0.3549734409871241
graphmol_dipole,338,0.4073716836265831
graphmol_dipole,339,0.31402552350537155
graphmol_dipole,340,0.40154190937937234
graphmol_dipole,341,0.36882565677800566
graphmol_dipole,342,0.32633229553582066
graphmol_dipole,343,0.3714587336927791
graphmol_dipole,344,0.36960064081783495
graphmol_dipole,345,0.3303871904532471
graphmol_dipole,346,0.3395494348226356
graphmol_dipole,347,0.31512631734127755
graphmol_dipole,348,0.30978722940377285
graphmol_dipole,349,0.32679732162096337
graphmol_dipole,350,0.3670471116162551
graphmol_dipole,351,0.34729962614465754
graphmol_dipole,352,0.3419779071345317
graphmol_dipole,353,0.3240061901817842
graphmol_dipole,354,0.3603795028582902
graphmol_dipole,355,0.3027792527814487
graphmol_dipole,356,0.3711697931665953
graphmol_dipole,357,0.32802223515265366
graphmol_dipole,358,0.3046865223555726
graphmol_dipole,359,0.34433354996188664
graphmol_dipole,360,0.3197719815427815
graphmol_dipole,361,0.3217578527330754
graphmol_dipole,362,0.3233378217243787
graphmol_dipole,363,0.3567019558369859
graphmol_dipole,364,0.326557149846524
graphmol_dipole,365,0.4053596745200346
graphmol_dipole,366,0.360987456754708
graphmol_dipole,367,0.3272467372466798
graphmol_dipole,368,0.3574639032162188
graphmol_dipole,369,0.337018225381119
graphmol_dipole,370,0.30187623962035587
graphmol_dipole,371,0.3369553026321119
graphmol_dipole,372,0.3369918109505536
graphmol_dipole,373,0.319382939171442
graphmol_dipole,374,0.34898247771754903
graphmol_dipole,375,0.31336712438274383
graphmol_dipole,376,0.3442535855334685
graphmol_dipole,377,0.3287683813242176
graphmol_dipole,378,0.3505005979363207
graphmol_dipole,379,0.3169298834358924
graphmol_dipole,380,0.31290488129880295
graphmol_dipole,381,0.33194094441216865
graphmol_dipole,382,0.3034214959147747
graphmol_dipole,383,0.33486056028407835
graphmol_dipole,384,0.3120766173296483
graphmol_dipole,385,0.31599722789260526
graphmol_dipole,386,0.3211359102399256
graphmol_dipole,387,0.38726553000787883
graphmol_dipole,388,0.3680269945534535
graphmol_dipole,389,0.3402179073703165
graphmol_dipole,390,0.4042076860248624
graphmol_dipole,391,0.3090093818967067
graphmol_dipole,392,0.39147335300712705
graphmol_dipole,393,0.31998357907118524
graphmol_dipole,394,0.35096033056205705
graphmol_dipole,395,0.3159379700664852
graphmol_dipole,396,0.3333972179774751
graphmol_dipole,397,0.36212883368021215
graphmol_dipole,398,0.3070913271091295
graphmol_dipole,399,0.3615391625911115
graphmol_dipole,400,0.37978529228348706
graphmol_dipole,401,0.330461750358333
graphmol_dipole,402,0.342012830243066
graphmol_dipole,403,0.37165809147155593
graphmol_dipole,404,0.37727482870908896
graphmol_dipole,405,0.33707601554871974
graphmol_dipole,406,0.3116318958950713
graphmol_dipole,407,0.3318746286144301
graphmol_dipole,408,0.3003349815745621
graphmol_dipole,409,0.3296165485398556
graphmol_dipole,410,0.31434077958350964
graphmol_dipole,411,0.34997441313549876
graphmol_dipole,412,0.3708957703396685
graphmol_dipole,413,0.37307178009394043
graphmol_dipole,414,0.32313918142372683
graphmol_dipole,415,0.35222978162178337
graphmol_dipole,416,0.34568209645917064
graphmol_dipole,417,0.318140841005171
graphmol_dipole,418,0.3545943499687063
graphmol_dipole,419,0.36283305673602295
graphmol_dipole,420,0.3518264963640458
graphmol_dipole,421,0.32662104150337773
graphmol_dipole,422,0.328877312349101
graphmol_dipole,423,0.4240389370561806
graphmol_dipole,424,0.3830414554597266
graphmol_dipole,425,0.34038891861215465
graphmol_dipole,426,0.3686689773880622
graphmol_dipole,427,0.3404382172889546
graphmol_dipole,428,0.3186049334099293
graphmol_dipole,429,0.34105820597904085
graphmol_dipole,430,0.31495075450872306
graphmol_dipole,431,0.3540474108108859
graphmol_dipole,432,0.3594791420591413
graphmol_dipole,433,0.39351287966496873
graphmol_dipole,434,0.3127253317421896
graphmol_dipole,435,0.30271547442459285
graphmol_dipole,436,0.3318081145126477
graphmol_dipole,437,0.3270262667329786
graphmol_dipole,438,0.3388152343740181
graphmol_dipole,439,0.3613637965824457
graphmol_dipole,440,0.35273994695267635
graphmol_dipole,441,0.33099200628037634
graphmol_dipole,442,0.3503627840548902
graphmol_dipole,443,0.3619667083810347
graphmol_dipole,444,0.34964708019224383
graphmol_dipole,445,0.353795831255284
graphmol_dipole,446,0.3441016312255059
graphmol_dipole,447,0.3291776122763247
graphmol_dipole,448,0.361121234764538
graphmol_dipole,449,0.32827909172422487
graphmol_dipole,450,0.34814197267660524
graphmol_dipole,451,0.3399100282876317
graphmol_dipole,452,0.3550997479584266
graphmol_dipole,453,0.32633563412729305
graphmol_dipole,454,0.3228397961065062
graphmol_dipole,455,0.3647592365250682
graphmol_dipole,456,0.3315246868927682
graphmol_dipole,457,0.3286478982120405
graphmol_dipole,458,0.35396280259998014
graphmol_dipole,459,0.3190643520762534
graphmol_dipole,460,0.3235999904907156
graphmol_dipole,461,0.31967570816166013
graphmol_dipole,462,0.3451542670571435
graphmol_dipole,463,0.3626688445543118
graphmol_dipole,464,0.3354788582891944
graphmol_dipole,465,0.3413493809344257
graphmol_dipole,466,0.3318936729720982
graphmol_dipole,467,0.3814131963734794
graphmol_dipole,468,0.3390167885786666
graphmol_dipole,469,0.35017606212512575
graphmol_dipole,470,0.3353079661182763
graphmol_dipole,471,0.36533999674554085
graphmol_dipole,472,0.3096440016902076
graphmol_dipole,473,0.3065051178859158
graphmol_dipole,474,0.3558933863603417
graphmol_dipole,475,0.31558010328372016
graphmol_dipole,476,0.3571982238463059
graphmol_dipole,477,0.3568625481681205
graphmol_dipole,478,0.3198451320476042
graphmol_dipole,479,0.36288854772083035
graphmol_dipole,480,0.309333803490534
graphmol_dipole,481,0.3452355191731578
graphmol_dipole,482,0.34454314890606
graphmol_dipole,483,0.369326756234482
graphmol_dipole,484,0.40488857273853623
graphmol_dipole,485,0.33718959388130526
graphmol_dipole,486,0.33189750779771515
graphmol_dipole,487,0.3237288678583643
graphmol_dipole,488,0.36354121725991234
graphmol_dipole,489,0.2942951092338076
graphmol_dipole,490,0.3342886032906889
graphmol_dipole,491,0.3520035351754031
graphmol_dipole,492,0.3728669675960183
graphmol_dipole,493,0.3308237864722506
graphmol_dipole,494,0.2838286855685385
graphmol_dipole,495,0.3209771197399007
graphmol_dipole,496,0.35677581318033336
graphmol_dipole,497,0.37867759270643303
graphmol_dipole,498,0.31912597790860847
graphmol_dipole,499,0.35408662598244645
graphmol_dipole,500,0.3418505941240417
