molecule_id,family,y_true,y_score,cv_fold
MJ01077,dipole_prop,0,0.21073523799997979,1
MJ01075,dipole_prop,0,0.1919642082466663,1
RT09068,dipole_prop,0,0.21077294105297872,1
07004KW,dipole_prop,0,0.2133394124838414,1
08118KW,dipole_prop,0,0.09561394297337264,1
09079KW,dipole_prop,0,0.052870913793155165,1
Acid4,dipole_prop,0,0.24226725469501975,1
Comp89,dipole_prop,0,0.06080839043231104,1
Comp120,dipole_prop,0,0.028372266208244342,1
EC2F,dipole_prop,1,0.7195351594157088,1
RM734-3,dipole_prop,0,0.8420199217701985,1
5-5,dipole_prop,1,0.6228956730332157,1
6-2,dipole_prop,0,0.8105678358160383,1
6-5,dipole_prop,0,0.6455000891423066,1
UUQU-4-N,dipole_prop,0,0.49553024520575295,1
NT3-2,dipole_prop,1,0.7039399046972816,1
NT3F-4,dipole_prop,0,0.7962014106421831,1
Sulfur-7,dipole_prop,1,0.4449838982694212,1
S3,dipole_prop,1,0.7469208756157159,1
O5,dipole_prop,1,0.8276085257433275,1
SCUT1b,dipole_prop,1,0.6988043667186392,1
M-2-2,dipole_prop,1,0.7231610965377635,1
Li-11a,dipole_prop,0,0.7757476136358941,1
Li-22,dipole_prop,0,0.6518750771842686,1
06121KW,dipole_prop,0,0.41681821925902424,2
MJ01066,dipole_prop,0,0.21553664576235002,2
PR10004,dipole_prop,0,0.20460287446662026,2
08141KW,dipole_prop,0,0.2027253696842224,2
07099KW,dipole_prop,0,0.12945398784601603,2
AF01009,dipole_prop,0,0.17551882514109923,2
08116KW,dipole_prop,0,0.15055412322244052,2
08131KW,dipole_prop,0,0.13998875719012882,2
6CB,dipole_prop,0,0.04919240596774084,2
PCH-4,dipole_prop,0,0.05873808153584577,2
PCH-5,dipole_prop,0,0.05693293771103646,2
PCH-7,dipole_prop,0,0.056582838490442273,2
EC1F,dipole_prop,1,0.6274704542099977,2
EC3F,dipole_prop,1,0.6993369716888082,2
1O(M-O6)PEPEBNO2,dipole_prop,1,0.6424847990941979,2
6-6,dipole_prop,0,0.6010108209184909,2
NT3F-1,dipole_prop,1,0.7580061893978214,2
Sulfur-14,dipole_prop,1,0.5050927083919724,2
3CN,dipole_prop,1,0.5834052640809365,2
M-0-2,dipole_prop,1,0.7991766229612105,2
Li-4a,dipole_prop,0,0.8061264282826405,2
Li-9c,dipole_prop,1,0.8523638694786853,2
Li-19,dipole_prop,0,0.8169259996982347,2
Li-23,dipole_prop,1,0.7135857513375966,2
06119KW,dipole_prop,0,0.15583875076927078,3
MJ01071,dipole_prop,0,0.18451879634720433,3
MJ01073,dipole_prop,0,0.19740494766207892,3
08119KW,dipole_prop,0,0.15771846520944888,3
08123KW,dipole_prop,0,0.16897327043669527,3
7CB,dipole_prop,0,0.19489576459255234,3
5OCB,dipole_prop,0,0.1484216577480324,3
Comp35,dipole_prop,0,0.16060363219837148,3
PYP605,dipole_prop,0,0.14095654911862757,3
Comp113,dipole_prop,0,0.313726409677479,3
BCH52F,dipole_prop,0,0.021953102987189384,3
I32,dipole_prop,0,0.26416854359399133,3
EC6F,dipole_prop,1,0.6857128553616116,3
1O(M-O5)PEPEBNO2,dipole_prop,1,0.5737452397340751,3
1O(M-O7)PEPEBNO2,dipole_prop,1,0.6992253671359138,3
5-8,dipole_prop,1,0.6880107922819703,3
6-1,dipole_prop,1,0.7952436374586335,3
6-7,dipole_prop,0,0.7907038663802574,3
NT3-4,dipole_prop,1,0.6809060646894347,3
EST-1,dipole_prop,1,0.20503454012967715,3
2-2-Z1,dipole_prop,0,0.6354780686387118,3
SCUT22c,dipole_prop,1,0.6595054631869071,3
Li-10a,dipole_prop,0,0.7733315211794182,3
Li-25,dipole_prop,1,0.7029323204444394,3
MJ01056,dipole_prop,0,0.14368328945251435,4
RT08049,dipole_prop,0,0.21224651100663378,4
07080KW,dipole_prop,0,0.24250705643452156,4
Acid5-HOBA,dipole_prop,0,0.11655710484236888,4
RO-CM-4513,dipole_prop,0,0.24306514578854077,4
RO-CM-1540,dipole_prop,0,0.059411821796640465,4
Comp97,dipole_prop,0,0.24974470627397896,4
5-2,dipole_prop,1,0.6280764513327435,4
5-3,dipole_prop,1,0.7133009879076315,4
NT3-6,dipole_prop,1,0.6025038405392712,4
NT3F-6,dipole_prop,0,0.7962743584793405,4
Sulfur-12,dipole_prop,0,0.37124148899691367,4
Sulfur-18,dipole_prop,0,0.6312706473260185,4
O6,dipole_prop,0,0.737226792438857,4
SCUT1a,dipole_prop,1,0.6934489452068515,4
SCUT7a,dipole_prop,1,0.7742561579400888,4
SCUT23a,dipole_prop,0,0.6419733764507478,4
M-1-1,dipole_prop,1,0.6363781698071198,4
Li-1b,dipole_prop,0,0.5389463883463809,4
Li-5a,dipole_prop,0,0.7981558516246895,4
Li-5c,dipole_prop,1,0.7809919310406701,4
Li-8,dipole_prop,1,0.6033098884028523,4
Li-11b,dipole_prop,0,0.8543234409907254,4
Li-15,dipole_prop,1,0.7769158281149251,4
07007KW,dipole_prop,0,0.1443292998024328,5
07094KW,dipole_prop,0,0.18584927559846096,5
07129KW,dipole_prop,0,0.06923815537944714,5
07036KW,dipole_prop,0,0.25978344835396777,5
07035KW,dipole_prop,0,0.1551223786344517,5
5CB,dipole_prop,0,0.1847527352806271,5
6OCB,dipole_prop,0,0.17210025220762495,5
RO-CM-7037,dipole_prop,0,0.1249037556707255,5
PYP609,dipole_prop,0,0.12680200496524124,5
I35,dipole_prop,0,0.24604298421084764,5
5-7,dipole_prop,1,0.6830088287602134,5
6-8,dipole_prop,0,0.6875964611742628,5
3JK,dipole_prop,1,0.4207693589178063,5
NT3F-5,dipole_prop,0,0.782730918636645,5
EST-4,dipole_prop,1,0.14111125419688658,5
S4,dipole_prop,0,0.6592074021296142,5
2-2-Z0,dipole_prop,1,0.5929616844909732,5
SCUT22b,dipole_prop,1,0.5925705000336643,5
M-1-2,dipole_prop,1,0.7335785840133093,5
Li-4c,dipole_prop,1,0.8038620810234679,5
Li-12a,dipole_prop,1,0.4325320857611669,5
Li-14,dipole_prop,0,0.8590414100028886,5
Li-16,dipole_prop,1,0.6767255150369829,5
Li-20,dipole_prop,0,0.31999886835783065,5
PR07117,dipole_prop,0,0.12121581040618525,6
06129KW,dipole_prop,0,0.10773428785113787,6
06128KW,dipole_prop,0,0.1285248683754796,6
06120KW,dipole_prop,0,0.1385417013197865,6
MJ01064,dipole_prop,0,0.16489013598103763,6
01031MR,dipole_prop,0,0.20297722246737376,6
MBBA,dipole_prop,0,0.011298395689893787,6
Comp114,dipole_prop,0,0.019130655983606557,6
BCH5,dipole_prop,0,0.01900358028147208,6
HH33,dipole_prop,0,0.39104207136724006,6
EC8F,dipole_prop,0,0.8280995388003037,6
1O(M-O1)PEPEBNO2,dipole_prop,1,0.6978524006185117,6
1O(M-O3)PEPEBNO2,dipole_prop,1,0.7043976770147248,6
1O(M-O4)PEPEBNO2,dipole_prop,1,0.6341455311913583,6
1O(M-O9)PEPEBNO2,dipole_prop,1,0.6051426486500512,6
5-6,dipole_prop,1,0.5716990934697932,6
NT3-7,dipole_prop,1,0.7020102778251512,6
DIO-1,dipole_prop,1,0.2954800092948091,6
S7,dipole_prop,0,0.5975036040140882,6
1-2-Z1,dipole_prop,1,0.5622387381976867,6
Li-1a,dipole_prop,0,0.55645259192138,6
Li-3a,dipole_prop,0,0.7822136421573798,6
Li-4b,dipole_prop,1,0.7878007895782052,6
Li-13b,dipole_prop,0,0.8314491339242159,6
07088KW,dipole_prop,0,0.11714141400248579,7
08117KW,dipole_prop,0,0.1252964868116445,7
PCH-3,dipole_prop,0,0.04839814755755301,7
PCH-8,dipole_prop,0,0.04827477632669331,7
PYP606,dipole_prop,0,0.139288077719316,7
PYP607,dipole_prop,0,0.14060594563833748,7
RO-CM-1510,dipole_prop,0,0.05809709974960466,7
Comp92,dipole_prop,0,0.06194553313760173,7
HP5N,dipole_prop,0,0.2649180532970111,7
1O(M-O2)PEPEBNO2,dipole_prop,1,0.688630116468545,7
1O(M-O8)PEPEBNO2,dipole_prop,1,0.5470981446893499,7
NT3-5,dipole_prop,1,0.6567840210843036,7
NT3F-3,dipole_prop,0,0.7581443573180285,7
S2,dipole_prop,1,0.7391281674280418,7
2-2-Z2,dipole_prop,0,0.6562549115468651,7
M-0-0,dipole_prop,1,0.6818102711667771,7
M-0-1,dipole_prop,1,0.7182675965563172,7
Li-1c,dipole_prop,1,0.4834615783067368,7
Li-6b,dipole_prop,1,0.8513338410589588,7
Li-12b,dipole_prop,0,0.8112326932190064,7
Li-12c,dipole_prop,0,0.57697974508316,7
Li-24,dipole_prop,0,0.4698086147972687,7
Li-29,dipole_prop,0,0.8345812918780285,7
RT08062,dipole_prop,0,0.19453709832925042,8
06100KW,dipole_prop,0,0.17680889724137394,8
09078KW,dipole_prop,0,0.1641825426734403,8
07039KW,dipole_prop,0,0.3927768756954561,8
Acid2,dipole_prop,0,0.14619272872205735,8
Acid3,dipole_prop,0,0.2320951674130141,8
CCH-7,dipole_prop,0,0.15099651273926906,8
CCH-301,dipole_prop,0,0.23314568516533354,8
Comp119,dipole_prop,0,0.018772360936261466,8
DIO,dipole_prop,1,0.22594421867577427,8
5-4,dipole_prop,1,0.550132120043657,8
NT3F-2,dipole_prop,0,0.8035811093411028,8
NT3F-7,dipole_prop,0,0.700037091690746,8
Sulfur-2,dipole_prop,1,0.6056778486340894,8
Sulfur-13,dipole_prop,0,0.5173188218418492,8
Sulfur-19,dipole_prop,0,0.3830095022389027,8
EST-3,dipole_prop,1,0.5454447235959747,8
SCUT22d,dipole_prop,1,0.5368846468112873,8
M-2-0,dipole_prop,1,0.5745332039390865,8
Li-2a,dipole_prop,1,0.617781913602813,8
Li-5b,dipole_prop,1,0.7708238283454181,8
Li-13a,dipole_prop,0,0.6153278732495425,8
Li-21,dipole_prop,0,0.6862474356139721,8
07031KW,dipole_prop,0,0.1761401202307397,9
PR09089,dipole_prop,0,0.15945592554365756,9
06107KW,dipole_prop,0,0.14376449505128452,9
06131KW,dipole_prop,0,0.1828643401491521,9
07056KW,dipole_prop,0,0.17813648076219527,9
07038KW,dipole_prop,0,0.45248963794631103,9
7OCB,dipole_prop,0,0.19391972226655363,9
HP33,dipole_prop,0,0.39059398056769334,9
RM734,dipole_prop,1,0.6750594615250213,9
EC4F,dipole_prop,0,0.7461629651790372,9
5-9,dipole_prop,1,0.6707527818831365,9
6-3,dipole_prop,0,0.7874601473566756,9
6-4,dipole_prop,0,0.6801560915693037,9
6-9,dipole_prop,0,0.7683779178940641,9
EST-2,dipole_prop,1,0.6389179447576265,9
S5,dipole_prop,1,0.7726148633928627,9
S8,dipole_prop,1,0.75225956382461,9
M-1-0,dipole_prop,1,0.475666755412363,9
M-2-1,dipole_prop,1,0.5747103452012838,9
Li-7,dipole_prop,1,0.36833795359483046,9
Li-9b,dipole_prop,0,0.8050105839630216,9
Li-11c,dipole_prop,0,0.8506086018075373,9
Li-17a,dipole_prop,0,0.6893374508347665,9
06115KW,dipole_prop,0,0.1390064793350717,10
MJ01041,dipole_prop,0,0.18571514447492135,10
RT08050,dipole_prop,0,0.1845815200047305,10
06101KW,dipole_prop,0,0.11540187384172415,10
08125KW,dipole_prop,0,0.18794744835752356,10
08128KW,dipole_prop,0,0.1965023408799265,10
Acid1,dipole_prop,0,0.08486627994071964,10
Comp36,dipole_prop,0,0.15584448323360317,10
Comp49,dipole_prop,0,0.2325285037530538,10
Comp93,dipole_prop,0,0.01729988739086695,10
EC5F,dipole_prop,1,0.6298370106459358,10
EC7F,dipole_prop,0,0.6467690649689969,10
RM734-2,dipole_prop,1,0.7895993702933793,10
NT3-1,dipole_prop,1,0.7109244719896223,10
NT3-3,dipole_prop,1,0.6343915511895168,10
Sulfur-15,dipole_prop,1,0.6179486987106754,10
DIO-2,dipole_prop,1,0.740645201490844,10
DIO-3,dipole_prop,1,0.6881019268981728,10
S6,dipole_prop,0,0.8482525003666648,10
1-2-Z2,dipole_prop,1,0.5668198146548593,10
Li-9a,dipole_prop,0,0.8315413316838224,10
Li-10b,dipole_prop,0,0.8356084894138531,10
Li-18,dipole_prop,0,0.8788698183872181,10
MJ01077,sigma_profile,0,0.14980062644448522,1
MJ01075,sigma_profile,0,0.08957668273185004,1
RT09068,sigma_profile,0,0.22034771405219394,1
07004KW,sigma_profile,0,0.154227699092925,1
08118KW,sigma_profile,0,0.14846606820436967,1
09079KW,sigma_profile,0,0.20729938419701766,1
Acid4,sigma_profile,0,0.6813542695451287,1
Comp89,sigma_profile,0,0.025510898544000616,1
Comp120,sigma_profile,0,0.8549475136921749,1
EC2F,sigma_profile,1,0.6516394568546439,1
RM734-3,sigma_profile,0,0.6646112292009716,1
5-5,sigma_profile,1,0.4345134452452177,1
6-2,sigma_profile,0,0.6185811569250298,1
6-5,sigma_profile,0,0.5744501662727872,1
UUQU-4-N,sigma_profile,0,0.8778699400492416,1
NT3-2,sigma_profile,1,0.5503089271088767,1
NT3F-4,sigma_profile,0,0.6340895857667374,1
Sulfur-7,sigma_profile,1,0.7268952867241094,1
S3,sigma_profile,1,0.6385755552758735,1
O5,sigma_profile,1,0.5842329598240316,1
SCUT1b,sigma_profile,1,0.6649151306171167,1
M-2-2,sigma_profile,1,0.8034021104272542,1
Li-11a,sigma_profile,0,0.4845658313570265,1
Li-22,sigma_profile,0,0.5448911570412817,1
06121KW,sigma_profile,0,0.05145811307068332,2
MJ01066,sigma_profile,0,0.13672464733543815,2
PR10004,sigma_profile,0,0.36990264267224277,2
08141KW,sigma_profile,0,0.17143626140387147,2
07099KW,sigma_profile,0,0.4808463653694147,2
AF01009,sigma_profile,0,0.40020398713791067,2
08116KW,sigma_profile,0,0.5129206625965246,2
08131KW,sigma_profile,0,0.4933232296686128,2
6CB,sigma_profile,0,0.3413343643655396,2
PCH-4,sigma_profile,0,0.9480807307371181,2
PCH-5,sigma_profile,0,0.9410305170989174,2
PCH-7,sigma_profile,0,0.9395289970326923,2
EC1F,sigma_profile,1,0.5838870304740312,2
EC3F,sigma_profile,1,0.5760423048964809,2
1O(M-O6)PEPEBNO2,sigma_profile,1,0.5418381621762433,2
6-6,sigma_profile,0,0.4979049125929818,2
NT3F-1,sigma_profile,1,0.637367740674031,2
Sulfur-14,sigma_profile,1,0.5730246844786079,2
3CN,sigma_profile,1,0.3044608618086456,2
M-0-2,sigma_profile,1,0.8952741474781932,2
Li-4a,sigma_profile,0,0.4414820036680525,2
Li-9c,sigma_profile,1,0.5163749414440968,2
Li-19,sigma_profile,0,0.43509465976398315,2
Li-23,sigma_profile,1,0.7262580196741049,2
06119KW,sigma_profile,0,0.1603368038997721,3
MJ01071,sigma_profile,0,0.257197596800971,3
MJ01073,sigma_profile,0,0.14228955287587158,3
08119KW,sigma_profile,0,0.14927944585490457,3
08123KW,sigma_profile,0,0.12149665189772903,3
7CB,sigma_profile,0,0.27111009351421705,3
5OCB,sigma_profile,0,0.20816160245632276,3
Comp35,sigma_profile,0,0.18800181602413144,3
PYP605,sigma_profile,0,0.09202309272566997,3
Comp113,sigma_profile,0,0.06362696759542322,3
BCH52F,sigma_profile,0,0.2512984566035893,3
I32,sigma_profile,0,0.09604488556185962,3
EC6F,sigma_profile,1,0.6079298763222777,3
1O(M-O5)PEPEBNO2,sigma_profile,1,0.5652197315207756,3
1O(M-O7)PEPEBNO2,sigma_profile,1,0.46507037629544573,3
5-8,sigma_profile,1,0.27533092108411483,3
6-1,sigma_profile,1,0.6147864068189595,3
6-7,sigma_profile,0,0.4070263921409068,3
NT3-4,sigma_profile,1,0.5470568545019325,3
EST-1,sigma_profile,1,0.8224677810592717,3
2-2-Z1,sigma_profile,0,0.47327064954402326,3
SCUT22c,sigma_profile,1,0.7900849599239783,3
Li-10a,sigma_profile,0,0.43726772606890524,3
Li-25,sigma_profile,1,0.5170449965217113,3
MJ01056,sigma_profile,0,0.06036473800571472,4
RT08049,sigma_profile,0,0.5987488871384005,4
07080KW,sigma_profile,0,0.09566995027254788,4
Acid5-HOBA,sigma_profile,0,0.6601688298808854,4
RO-CM-4513,sigma_profile,0,0.3289066421227059,4
RO-CM-1540,sigma_profile,0,0.13581596809505303,4
Comp97,sigma_profile,0,0.10307300078136836,4
5-2,sigma_profile,1,0.5492706055160963,4
5-3,sigma_profile,1,0.6082019591185321,4
NT3-6,sigma_profile,1,0.4769954461858188,4
NT3F-6,sigma_profile,0,0.5640820773998485,4
Sulfur-12,sigma_profile,0,0.6267053655224575,4
Sulfur-18,sigma_profile,0,0.4607180237443627,4
O6,sigma_profile,0,0.7088133898040703,4
SCUT1a,sigma_profile,1,0.5621336535386668,4
SCUT7a,sigma_profile,1,0.7608465716124923,4
SCUT23a,sigma_profile,0,0.7583155950905845,4
M-1-1,sigma_profile,1,0.8185892404388163,4
Li-1b,sigma_profile,0,0.7774410222186401,4
Li-5a,sigma_profile,0,0.5292920352615275,4
Li-5c,sigma_profile,1,0.540890461301151,4
Li-8,sigma_profile,1,0.9406916418039241,4
Li-11b,sigma_profile,0,0.41648965908253516,4
Li-15,sigma_profile,1,0.5068353014666005,4
07007KW,sigma_profile,0,0.10304420662065512,5
07094KW,sigma_profile,0,0.47578779706909297,5
07129KW,sigma_profile,0,0.0975252496830741,5
07036KW,sigma_profile,0,0.29718642757030234,5
07035KW,sigma_profile,0,0.6098455384631956,5
5CB,sigma_profile,0,0.7599984633893587,5
6OCB,sigma_profile,0,0.20860710117858244,5
RO-CM-7037,sigma_profile,0,0.06342931881040699,5
PYP609,sigma_profile,0,0.07631198427859753,5
I35,sigma_profile,0,0.06864419285948219,5
5-7,sigma_profile,1,0.35515467101197096,5
6-8,sigma_profile,0,0.42160071428310725,5
3JK,sigma_profile,1,0.9411219223091648,5
NT3F-5,sigma_profile,0,0.6807925751890441,5
EST-4,sigma_profile,1,0.813252575214375,5
S4,sigma_profile,0,0.667226661064951,5
2-2-Z0,sigma_profile,1,0.4841832278268182,5
SCUT22b,sigma_profile,1,0.7516259436202323,5
M-1-2,sigma_profile,1,0.8170014774227942,5
Li-4c,sigma_profile,1,0.4561966089561987,5
Li-12a,sigma_profile,1,0.47383569117738766,5
Li-14,sigma_profile,0,0.4772279207010083,5
Li-16,sigma_profile,1,0.5836179752566353,5
Li-20,sigma_profile,0,0.8834297304513776,5
PR07117,sigma_profile,0,0.15264600356393607,6
06129KW,sigma_profile,0,0.30232271049008136,6
06128KW,sigma_profile,0,0.23501862862780012,6
06120KW,sigma_profile,0,0.12159007661592948,6
MJ01064,sigma_profile,0,0.36437470696979646,6
01031MR,sigma_profile,0,0.23316938191378703,6
MBBA,sigma_profile,0,0.7864617243426192,6
Comp114,sigma_profile,0,0.28402860749158704,6
BCH5,sigma_profile,0,0.2512107706955132,6
HH33,sigma_profile,0,0.10646613867083618,6
EC8F,sigma_profile,0,0.6128874913376812,6
1O(M-O1)PEPEBNO2,sigma_profile,1,0.6139224950202367,6
1O(M-O3)PEPEBNO2,sigma_profile,1,0.6181922858471091,6
1O(M-O4)PEPEBNO2,sigma_profile,1,0.5630474095444669,6
1O(M-O9)PEPEBNO2,sigma_profile,1,0.4481845869064194,6
5-6,sigma_profile,1,0.4516040200872964,6
NT3-7,sigma_profile,1,0.5118325860902176,6
DIO-1,sigma_profile,1,0.9032016815295816,6
S7,sigma_profile,0,0.6469170021610943,6
1-2-Z1,sigma_profile,1,0.35803542123554555,6
Li-1a,sigma_profile,0,0.7235958866979668,6
Li-3a,sigma_profile,0,0.5986197719673438,6
Li-4b,sigma_profile,1,0.4827602181122401,6
Li-13b,sigma_profile,0,0.4499907078275383,6
07088KW,sigma_profile,0,0.6103301993047132,7
08117KW,sigma_profile,0,0.27021913264712244,7
PCH-3,sigma_profile,0,0.9173637583796869,7
PCH-8,sigma_profile,0,0.8961620321754361,7
PYP606,sigma_profile,0,0.07701875046688243,7
PYP607,sigma_profile,0,0.08086469320082465,7
RO-CM-1510,sigma_profile,0,0.1397112468881722,7
Comp92,sigma_profile,0,0.012139059018416725,7
HP5N,sigma_profile,0,0.0774066884044081,7
1O(M-O2)PEPEBNO2,sigma_profile,1,0.6119090252464999,7
1O(M-O8)PEPEBNO2,sigma_profile,1,0.5043118903867323,7
NT3-5,sigma_profile,1,0.5085174004042823,7
NT3F-3,sigma_profile,0,0.6405744640650349,7
S2,sigma_profile,1,0.6736149708485308,7
2-2-Z2,sigma_profile,0,0.5068165801193706,7
M-0-0,sigma_profile,1,0.809984081430211,7
M-0-1,sigma_profile,1,0.8134458057106314,7
Li-1c,sigma_profile,1,0.7779457128057151,7
Li-6b,sigma_profile,1,0.40123812709832574,7
Li-12b,sigma_profile,0,0.442416790955966,7
Li-12c,sigma_profile,0,0.269806188249835,7
Li-24,sigma_profile,0,0.4836225479243736,7
Li-29,sigma_profile,0,0.5429664087934644,7
RT08062,sigma_profile,0,0.5188370787208388,8
06100KW,sigma_profile,0,0.27161590640726496,8
09078KW,sigma_profile,0,0.6057752586753402,8
07039KW,sigma_profile,0,0.3435209669744861,8
Acid2,sigma_profile,0,0.5814413910867307,8
Acid3,sigma_profile,0,0.6765321115946833,8
CCH-7,sigma_profile,0,0.13822013114619686,8
CCH-301,sigma_profile,0,0.2648777010341334,8
Comp119,sigma_profile,0,0.20486827256266923,8
DIO,sigma_profile,1,0.8690600092071267,8
5-4,sigma_profile,1,0.5323868636751949,8
NT3F-2,sigma_profile,0,0.5868164214822584,8
NT3F-7,sigma_profile,0,0.46106401118178764,8
Sulfur-2,sigma_profile,1,0.6592049445130548,8
Sulfur-13,sigma_profile,0,0.5997919855405546,8
Sulfur-19,sigma_profile,0,0.437072302176904,8
EST-3,sigma_profile,1,0.5942060140911711,8
SCUT22d,sigma_profile,1,0.7120891612183086,8
M-2-0,sigma_profile,1,0.7992183462716991,8
Li-2a,sigma_profile,1,0.6404832345421897,8
Li-5b,sigma_profile,1,0.5588601316786491,8
Li-13a,sigma_profile,0,0.4231756263231748,8
Li-21,sigma_profile,0,0.6791187729381378,8
07031KW,sigma_profile,0,0.4989246225214996,9
PR09089,sigma_profile,0,0.10923037079966856,9
06107KW,sigma_profile,0,0.09529986318864765,9
06131KW,sigma_profile,0,0.20381395818590162,9
07056KW,sigma_profile,0,0.12958131325725802,9
07038KW,sigma_profile,0,0.27581568180022276,9
7OCB,sigma_profile,0,0.46744083178362755,9
HP33,sigma_profile,0,0.12679863178428555,9
RM734,sigma_profile,1,0.6283484126808262,9
EC4F,sigma_profile,0,0.6789726255523788,9
5-9,sigma_profile,1,0.313294709388843,9
6-3,sigma_profile,0,0.6424648966801457,9
6-4,sigma_profile,0,0.6243195631332338,9
6-9,sigma_profile,0,0.32230462831824364,9
EST-2,sigma_profile,1,0.3647984748007358,9
S5,sigma_profile,1,0.659125916226794,9
S8,sigma_profile,1,0.7107590116959139,9
M-1-0,sigma_profile,1,0.7517248686760395,9
M-2-1,sigma_profile,1,0.7999928981137584,9
Li-7,sigma_profile,1,0.7152523407191032,9
Li-9b,sigma_profile,0,0.4740797935676539,9
Li-11c,sigma_profile,0,0.48878462683984597,9
Li-17a,sigma_profile,0,0.33969542071404113,9
06115KW,sigma_profile,0,0.19787290821574088,10
MJ01041,sigma_profile,0,0.06581549463721244,10
RT08050,sigma_profile,0,0.5711179496455544,10
06101KW,sigma_profile,0,0.057736815743134925,10
08125KW,sigma_profile,0,0.11644584801552556,10
08128KW,sigma_profile,0,0.5219096093523969,10
Acid1,sigma_profile,0,0.532504305926951,10
Comp36,sigma_profile,0,0.14595977170939028,10
Comp49,sigma_profile,0,0.2149584183421546,10
Comp93,sigma_profile,0,0.12435108766996314,10
EC5F,sigma_profile,1,0.4613057300738568,10
EC7F,sigma_profile,0,0.5518472541342642,10
RM734-2,sigma_profile,1,0.5734123687694145,10
NT3-1,sigma_profile,1,0.6133925024538304,10
NT3-3,sigma_profile,1,0.6134959841450922,10
Sulfur-15,sigma_profile,1,0.5462241218239307,10
DIO-2,sigma_profile,1,0.5016355336176217,10
DIO-3,sigma_profile,1,0.7514337035373148,10
S6,sigma_profile,0,0.6477415348105613,10
1-2-Z2,sigma_profile,1,0.3157508246386157,10
Li-9a,sigma_profile,0,0.4912869019590917,10
Li-10b,sigma_profile,0,0.46715341854438736,10
Li-18,sigma_profile,0,0.43128334388837586,10
MJ01077,graphmol_conf0,0,0.004807525924304411,1
MJ01075,graphmol_conf0,0,0.024402186391987612,1
RT09068,graphmol_conf0,0,0.00585313802915209,1
07004KW,graphmol_conf0,0,0.03656739400360395,1
08118KW,graphmol_conf0,0,0.12818705862537086,1
09079KW,graphmol_conf0,0,0.11285238001904793,1
Acid4,graphmol_conf0,0,0.04233654304358361,1
Comp89,graphmol_conf0,0,0.4164244608148944,1
Comp120,graphmol_conf0,0,0.0018439191069885117,1
EC2F,graphmol_conf0,1,0.5409073197984303,1
RM734-3,graphmol_conf0,0,0.6875330926643048,1
5-5,graphmol_conf0,1,0.6939798383523731,1
6-2,graphmol_conf0,0,0.556880343224686,1
6-5,graphmol_conf0,0,0.7753916390050123,1
UUQU-4-N,graphmol_conf0,0,0.5839104091115959,1
NT3-2,graphmol_conf0,1,0.5441149536029918,1
NT3F-4,graphmol_conf0,0,0.7094454576013737,1
Sulfur-7,graphmol_conf0,1,0.7269474867169471,1
S3,graphmol_conf0,1,0.6739232642537732,1
O5,graphmol_conf0,1,0.722261050728573,1
SCUT1b,graphmol_conf0,1,0.5801873482700042,1
M-2-2,graphmol_conf0,1,0.9255142247954764,1
Li-11a,graphmol_conf0,0,0.7901780533137104,1
Li-22,graphmol_conf0,0,0.8300180458794298,1
06121KW,graphmol_conf0,0,4.517561107688786e-05,2
MJ01066,graphmol_conf0,0,0.056860377720775394,2
PR10004,graphmol_conf0,0,0.009721914886368836,2
08141KW,graphmol_conf0,0,0.010168263566177187,2
07099KW,graphmol_conf0,0,0.07335091142681151,2
AF01009,graphmol_conf0,0,0.00019616705558143693,2
08116KW,graphmol_conf0,0,0.007758328865252951,2
08131KW,graphmol_conf0,0,0.023658507821644578,2
6CB,graphmol_conf0,0,0.0007035469369377976,2
PCH-4,graphmol_conf0,0,0.0007432662574020418,2
PCH-5,graphmol_conf0,0,0.00132606858656234,2
PCH-7,graphmol_conf0,0,0.008844636615494592,2
EC1F,graphmol_conf0,1,0.51323713529504,2
EC3F,graphmol_conf0,1,0.6702567493486771,2
1O(M-O6)PEPEBNO2,graphmol_conf0,1,0.9006092262967327,2
6-6,graphmol_conf0,0,0.8703768437560434,2
NT3F-1,graphmol_conf0,1,0.6408772769868148,2
Sulfur-14,graphmol_conf0,1,0.1900407769411249,2
3CN,graphmol_conf0,1,0.6458039050777086,2
M-0-2,graphmol_conf0,1,0.9135786873441696,2
Li-4a,graphmol_conf0,0,0.6787379417315998,2
Li-9c,graphmol_conf0,1,0.6172304228755788,2
Li-19,graphmol_conf0,0,0.705750338183973,2
Li-23,graphmol_conf0,1,0.5210463688556388,2
06119KW,graphmol_conf0,0,0.0018617779331204175,3
MJ01071,graphmol_conf0,0,0.0047809997518795415,3
MJ01073,graphmol_conf0,0,0.0265287986629569,3
08119KW,graphmol_conf0,0,0.0033045866875271736,3
08123KW,graphmol_conf0,0,0.1853523014211391,3
7CB,graphmol_conf0,0,0.002380661727255462,3
5OCB,graphmol_conf0,0,0.00813905503864535,3
Comp35,graphmol_conf0,0,0.006567675353128731,3
PYP605,graphmol_conf0,0,0.4465479317703548,3
Comp113,graphmol_conf0,0,0.046896519363415726,3
BCH52F,graphmol_conf0,0,0.011838724213383351,3
I32,graphmol_conf0,0,0.005144157814956086,3
EC6F,graphmol_conf0,1,0.5272317123182846,3
1O(M-O5)PEPEBNO2,graphmol_conf0,1,0.916857612245935,3
1O(M-O7)PEPEBNO2,graphmol_conf0,1,0.9265315017698146,3
5-8,graphmol_conf0,1,0.8793311513486441,3
6-1,graphmol_conf0,1,0.6562043219452061,3
6-7,graphmol_conf0,0,0.9000582182732312,3
NT3-4,graphmol_conf0,1,0.8138895549971653,3
EST-1,graphmol_conf0,1,0.5618595818279635,3
2-2-Z1,graphmol_conf0,0,0.500153367712563,3
SCUT22c,graphmol_conf0,1,0.8032736034612294,3
Li-10a,graphmol_conf0,0,0.5659950094652845,3
Li-25,graphmol_conf0,1,0.5771276953288921,3
MJ01056,graphmol_conf0,0,0.0017064697751001498,4
RT08049,graphmol_conf0,0,0.023286405380060927,4
07080KW,graphmol_conf0,0,0.21993762442718692,4
Acid5-HOBA,graphmol_conf0,0,0.21892862857753811,4
RO-CM-4513,graphmol_conf0,0,0.0004649021607915404,4
RO-CM-1540,graphmol_conf0,0,0.25931098452314416,4
Comp97,graphmol_conf0,0,0.3913774288375635,4
5-2,graphmol_conf0,1,0.6583654332442834,4
5-3,graphmol_conf0,1,0.8358636479819784,4
NT3-6,graphmol_conf0,1,0.7541827216078092,4
NT3F-6,graphmol_conf0,0,0.8456519906141492,4
Sulfur-12,graphmol_conf0,0,0.5150211410826506,4
Sulfur-18,graphmol_conf0,0,0.542184523868569,4
O6,graphmol_conf0,0,0.6965488825633572,4
SCUT1a,graphmol_conf0,1,0.8038361571249562,4
SCUT7a,graphmol_conf0,1,0.6338404604318308,4
SCUT23a,graphmol_conf0,0,0.568363111365512,4
M-1-1,graphmol_conf0,1,0.8741397971963747,4
Li-1b,graphmol_conf0,0,0.5770790643443733,4
Li-5a,graphmol_conf0,0,0.6597872917690556,4
Li-5c,graphmol_conf0,1,0.8210577361477543,4
Li-8,graphmol_conf0,1,0.6637419027374416,4
Li-11b,graphmol_conf0,0,0.7848930356655004,4
Li-15,graphmol_conf0,1,0.8132326626372594,4
07007KW,graphmol_conf0,0,0.0050165444117001605,5
07094KW,graphmol_conf0,0,0.040132647945619104,5
07129KW,graphmol_conf0,0,0.03888175240325149,5
07036KW,graphmol_conf0,0,0.04748563658340175,5
07035KW,graphmol_conf0,0,0.009799464382543971,5
5CB,graphmol_conf0,0,0.0007141928538772367,5
6OCB,graphmol_conf0,0,0.0062494488855697455,5
RO-CM-7037,graphmol_conf0,0,0.07674880205251816,5
PYP609,graphmol_conf0,0,0.7570709145351003,5
I35,graphmol_conf0,0,0.01757786790183322,5
5-7,graphmol_conf0,1,0.9320801253194453,5
6-8,graphmol_conf0,0,0.8616668905724629,5
3JK,graphmol_conf0,1,0.7621423124665669,5
NT3F-5,graphmol_conf0,0,0.8341464271893531,5
EST-4,graphmol_conf0,1,0.37976021775890617,5
S4,graphmol_conf0,0,0.6489167766294408,5
2-2-Z0,graphmol_conf0,1,0.5128001553081737,5
SCUT22b,graphmol_conf0,1,0.586167693693318,5
M-1-2,graphmol_conf0,1,0.9185800890324033,5
Li-4c,graphmol_conf0,1,0.9068400900774084,5
Li-12a,graphmol_conf0,1,0.7285774895491817,5
Li-14,graphmol_conf0,0,0.5597031187553051,5
Li-16,graphmol_conf0,1,0.5314936639842898,5
Li-20,graphmol_conf0,0,0.29821874767261164,5
PR07117,graphmol_conf0,0,0.005002019904877309,6
06129KW,graphmol_conf0,0,0.0008128502036708943,6
06128KW,graphmol_conf0,0,0.000995357455370518,6
06120KW,graphmol_conf0,0,0.004197490518863595,6
MJ01064,graphmol_conf0,0,0.0042973405726588945,6
01031MR,graphmol_conf0,0,0.04339353710720168,6
MBBA,graphmol_conf0,0,0.012973001126979014,6
Comp114,graphmol_conf0,0,0.0009430101875238692,6
BCH5,graphmol_conf0,0,0.0009304162525110302,6
HH33,graphmol_conf0,0,0.09511731946959685,6
EC8F,graphmol_conf0,0,0.7204718555091312,6
1O(M-O1)PEPEBNO2,graphmol_conf0,1,0.8564202855826719,6
1O(M-O3)PEPEBNO2,graphmol_conf0,1,0.8549471701649999,6
1O(M-O4)PEPEBNO2,graphmol_conf0,1,0.7991799460099399,6
1O(M-O9)PEPEBNO2,graphmol_conf0,1,0.9286679518229572,6
5-6,graphmol_conf0,1,0.8262276676926927,6
NT3-7,graphmol_conf0,1,0.8163462112928578,6
DIO-1,graphmol_conf0,1,0.3907512985454345,6
S7,graphmol_conf0,0,0.7476450502298544,6
1-2-Z1,graphmol_conf0,1,0.45939636551346413,6
Li-1a,graphmol_conf0,0,0.1483411669890992,6
Li-3a,graphmol_conf0,0,0.22309305555854145,6
Li-4b,graphmol_conf0,1,0.7786578661631793,6
Li-13b,graphmol_conf0,0,0.5892823131797901,6
07088KW,graphmol_conf0,0,0.055067511151626496,7
08117KW,graphmol_conf0,0,0.30713101129350073,7
PCH-3,graphmol_conf0,0,0.0015799139792734927,7
PCH-8,graphmol_conf0,0,0.004806897454304912,7
PYP606,graphmol_conf0,0,0.5601954193130642,7
PYP607,graphmol_conf0,0,0.6255831460903496,7
RO-CM-1510,graphmol_conf0,0,0.37922648734329656,7
Comp92,graphmol_conf0,0,0.453850145988799,7
HP5N,graphmol_conf0,0,0.2850173387238327,7
1O(M-O2)PEPEBNO2,graphmol_conf0,1,0.6894337842103945,7
1O(M-O8)PEPEBNO2,graphmol_conf0,1,0.7630178487187982,7
NT3-5,graphmol_conf0,1,0.8142774093794364,7
NT3F-3,graphmol_conf0,0,0.8231580190059115,7
S2,graphmol_conf0,1,0.6279366479721255,7
2-2-Z2,graphmol_conf0,0,0.45068906907934275,7
M-0-0,graphmol_conf0,1,0.8486370400848466,7
M-0-1,graphmol_conf0,1,0.82354936733023,7
Li-1c,graphmol_conf0,1,0.5163614665482297,7
Li-6b,graphmol_conf0,1,0.7792775170016544,7
Li-12b,graphmol_conf0,0,0.7764603756041524,7
Li-12c,graphmol_conf0,0,0.7557396543536302,7
Li-24,graphmol_conf0,0,0.36800278974283807,7
Li-29,graphmol_conf0,0,0.5799112694389204,7
RT08062,graphmol_conf0,0,0.018990590251233112,8
06100KW,graphmol_conf0,0,0.04052526688545441,8
09078KW,graphmol_conf0,0,0.2221641099744417,8
07039KW,graphmol_conf0,0,0.07549107559792978,8
Acid2,graphmol_conf0,0,0.04917080515551305,8
Acid3,graphmol_conf0,0,0.03861336507429592,8
CCH-7,graphmol_conf0,0,0.0006658576658788966,8
CCH-301,graphmol_conf0,0,0.00010355511256026872,8
Comp119,graphmol_conf0,0,0.038588163245944544,8
DIO,graphmol_conf0,1,0.5675525053013522,8
5-4,graphmol_conf0,1,0.6850359161068057,8
NT3F-2,graphmol_conf0,0,0.5906762110413952,8
NT3F-7,graphmol_conf0,0,0.8354690842433328,8
Sulfur-2,graphmol_conf0,1,0.5928439793661375,8
Sulfur-13,graphmol_conf0,0,0.5323951474671853,8
Sulfur-19,graphmol_conf0,0,0.20246943635493797,8
EST-3,graphmol_conf0,1,0.4936260563167037,8
SCUT22d,graphmol_conf0,1,0.7845018842689464,8
M-2-0,graphmol_conf0,1,0.9315965677305922,8
Li-2a,graphmol_conf0,1,0.4686136781139511,8
Li-5b,graphmol_conf0,1,0.7292002557485261,8
Li-13a,graphmol_conf0,0,0.3255327934246827,8
Li-21,graphmol_conf0,0,0.355167026685383,8
07031KW,graphmol_conf0,0,0.016564727052170717,9
PR09089,graphmol_conf0,0,0.0018015590687425508,9
06107KW,graphmol_conf0,0,0.015316393393626344,9
06131KW,graphmol_conf0,0,0.014503299774776225,9
07056KW,graphmol_conf0,0,0.008797445444356533,9
07038KW,graphmol_conf0,0,0.0430912352445548,9
7OCB,graphmol_conf0,0,0.02223633180144652,9
HP33,graphmol_conf0,0,0.2920603106171746,9
RM734,graphmol_conf0,1,0.739502809561333,9
EC4F,graphmol_conf0,0,0.7216391397345556,9
5-9,graphmol_conf0,1,0.9115992082417176,9
6-3,graphmol_conf0,0,0.8069998323306559,9
6-4,graphmol_conf0,0,0.709290649264062,9
6-9,graphmol_conf0,0,0.931321166021153,9
EST-2,graphmol_conf0,1,0.627955563198953,9
S5,graphmol_conf0,1,0.6936145239660125,9
S8,graphmol_conf0,1,0.7465947871129345,9
M-1-0,graphmol_conf0,1,0.9087701521079417,9
M-2-1,graphmol_conf0,1,0.9293834343704096,9
Li-7,graphmol_conf0,1,0.638793391517388,9
Li-9b,graphmol_conf0,0,0.6358276159450278,9
Li-11c,graphmol_conf0,0,0.7373771371760697,9
Li-17a,graphmol_conf0,0,0.7457473363899352,9
06115KW,graphmol_conf0,0,0.0005973922240762675,10
MJ01041,graphmol_conf0,0,0.003940597100652637,10
RT08050,graphmol_conf0,0,0.006849151513206535,10
06101KW,graphmol_conf0,0,0.04553230799989421,10
08125KW,graphmol_conf0,0,0.3148502347800772,10
08128KW,graphmol_conf0,0,0.11163571887094513,10
Acid1,graphmol_conf0,0,0.004133903744698699,10
Comp36,graphmol_conf0,0,0.006116246274380867,10
Comp49,graphmol_conf0,0,0.012564232112787009,10
Comp93,graphmol_conf0,0,0.3297149234768276,10
EC5F,graphmol_conf0,1,0.5680099665071763,10
EC7F,graphmol_conf0,0,0.7393092360766346,10
RM734-2,graphmol_conf0,1,0.7071995890635246,10
NT3-1,graphmol_conf0,1,0.699077121932312,10
NT3-3,graphmol_conf0,1,0.8317402854711525,10
Sulfur-15,graphmol_conf0,1,0.24934960537047818,10
DIO-2,graphmol_conf0,1,0.7263272586459429,10
DIO-3,graphmol_conf0,1,0.7236188651987341,10
S6,graphmol_conf0,0,0.7202736036795598,10
1-2-Z2,graphmol_conf0,1,0.4663002209410005,10
Li-9a,graphmol_conf0,0,0.6107216342244358,10
Li-10b,graphmol_conf0,0,0.6269250847277712,10
Li-18,graphmol_conf0,0,0.8484273777649161,10
MJ01077,graphmol_boltzmann,0,0.009790796262629397,1
MJ01075,graphmol_boltzmann,0,0.009094936276370631,1
RT09068,graphmol_boltzmann,0,0.022635872139091177,1
07004KW,graphmol_boltzmann,0,0.026740891374784036,1
08118KW,graphmol_boltzmann,0,0.007599716529575771,1
09079KW,graphmol_boltzmann,0,0.21756958062533324,1
Acid4,graphmol_boltzmann,0,0.13910801664337508,1
Comp89,graphmol_boltzmann,0,0.002263179519267348,1
Comp120,graphmol_boltzmann,0,0.0101977763547021,1
EC2F,graphmol_boltzmann,1,0.46869239216330294,1
RM734-3,graphmol_boltzmann,0,0.4836978439838967,1
5-5,graphmol_boltzmann,1,0.8155927183626656,1
6-2,graphmol_boltzmann,0,0.5628997088141546,1
6-5,graphmol_boltzmann,0,0.8157096028625875,1
UUQU-4-N,graphmol_boltzmann,0,0.8973379860909013,1
NT3-2,graphmol_boltzmann,1,0.655181229954452,1
NT3F-4,graphmol_boltzmann,0,0.7538538411071373,1
Sulfur-7,graphmol_boltzmann,1,0.766787055277209,1
S3,graphmol_boltzmann,1,0.7121908825968162,1
O5,graphmol_boltzmann,1,0.5860508212357803,1
SCUT1b,graphmol_boltzmann,1,0.5710397356780087,1
M-2-2,graphmol_boltzmann,1,0.823062637105462,1
Li-11a,graphmol_boltzmann,0,0.6500718873788001,1
Li-22,graphmol_boltzmann,0,0.8085163891483418,1
06121KW,graphmol_boltzmann,0,0.0069898735419573815,2
MJ01066,graphmol_boltzmann,0,0.01763263510954404,2
PR10004,graphmol_boltzmann,0,0.014970520119828114,2
08141KW,graphmol_boltzmann,0,0.055159020457565315,2
07099KW,graphmol_boltzmann,0,0.0037341087251379678,2
AF01009,graphmol_boltzmann,0,0.0017744622895543715,2
08116KW,graphmol_boltzmann,0,0.00037371371846894966,2
08131KW,graphmol_boltzmann,0,0.009688683673345723,2
6CB,graphmol_boltzmann,0,0.27361044081071734,2
PCH-4,graphmol_boltzmann,0,0.013376491505064222,2
PCH-5,graphmol_boltzmann,0,0.019124695752446456,2
PCH-7,graphmol_boltzmann,0,0.047717041548853874,2
EC1F,graphmol_boltzmann,1,0.5462698258438414,2
EC3F,graphmol_boltzmann,1,0.6632098065692136,2
1O(M-O6)PEPEBNO2,graphmol_boltzmann,1,0.9199907326899085,2
6-6,graphmol_boltzmann,0,0.896807042428594,2
NT3F-1,graphmol_boltzmann,1,0.6044705359555299,2
Sulfur-14,graphmol_boltzmann,1,0.38212030389458607,2
3CN,graphmol_boltzmann,1,0.6312716151707132,2
M-0-2,graphmol_boltzmann,1,0.8587522782552685,2
Li-4a,graphmol_boltzmann,0,0.6595051654771724,2
Li-9c,graphmol_boltzmann,1,0.40201845141044634,2
Li-19,graphmol_boltzmann,0,0.32724185514913456,2
Li-23,graphmol_boltzmann,1,0.5243018139539775,2
06119KW,graphmol_boltzmann,0,0.0035867816646818476,3
MJ01071,graphmol_boltzmann,0,0.006134452481449601,3
MJ01073,graphmol_boltzmann,0,0.012531488847392084,3
08119KW,graphmol_boltzmann,0,0.03806467021387497,3
08123KW,graphmol_boltzmann,0,0.03233661436829633,3
7CB,graphmol_boltzmann,0,0.08626334445719958,3
5OCB,graphmol_boltzmann,0,0.07376234315512939,3
Comp35,graphmol_boltzmann,0,0.002343984767312304,3
PYP605,graphmol_boltzmann,0,0.0012838376380554576,3
Comp113,graphmol_boltzmann,0,0.07127502573794155,3
BCH52F,graphmol_boltzmann,0,0.6105285381216274,3
I32,graphmol_boltzmann,0,0.2081161379115532,3
EC6F,graphmol_boltzmann,1,0.460273748305056,3
1O(M-O5)PEPEBNO2,graphmol_boltzmann,1,0.9389561555979266,3
1O(M-O7)PEPEBNO2,graphmol_boltzmann,1,0.8780115438953632,3
5-8,graphmol_boltzmann,1,0.8937686726514812,3
6-1,graphmol_boltzmann,1,0.6156674188815081,3
6-7,graphmol_boltzmann,0,0.9081867027025523,3
NT3-4,graphmol_boltzmann,1,0.7686177169899824,3
EST-1,graphmol_boltzmann,1,0.6681180146570761,3
2-2-Z1,graphmol_boltzmann,0,0.7533029595489575,3
SCUT22c,graphmol_boltzmann,1,0.8368956490428248,3
Li-10a,graphmol_boltzmann,0,0.5127220403936641,3
Li-25,graphmol_boltzmann,1,0.6074984904491229,3
MJ01056,graphmol_boltzmann,0,0.008912523216028782,4
RT08049,graphmol_boltzmann,0,0.0039027824257066466,4
07080KW,graphmol_boltzmann,0,0.05049636109610337,4
Acid5-HOBA,graphmol_boltzmann,0,0.005648407860163826,4
RO-CM-4513,graphmol_boltzmann,0,0.005570002203470462,4
RO-CM-1540,graphmol_boltzmann,0,0.0028550814099281407,4
Comp97,graphmol_boltzmann,0,0.007049617803851889,4
5-2,graphmol_boltzmann,1,0.646843181335777,4
5-3,graphmol_boltzmann,1,0.874622274939769,4
NT3-6,graphmol_boltzmann,1,0.7991199195445883,4
NT3F-6,graphmol_boltzmann,0,0.8545571963677413,4
Sulfur-12,graphmol_boltzmann,0,0.5343129089196307,4
Sulfur-18,graphmol_boltzmann,0,0.4455525990392817,4
O6,graphmol_boltzmann,0,0.45488610352141445,4
SCUT1a,graphmol_boltzmann,1,0.8355195566658112,4
SCUT7a,graphmol_boltzmann,1,0.5627371606864734,4
SCUT23a,graphmol_boltzmann,0,0.8891851040674268,4
M-1-1,graphmol_boltzmann,1,0.8854822660053514,4
Li-1b,graphmol_boltzmann,0,0.49300117896535084,4
Li-5a,graphmol_boltzmann,0,0.7533782084083858,4
Li-5c,graphmol_boltzmann,1,0.8109443140650896,4
Li-8,graphmol_boltzmann,1,0.8108785450095646,4
Li-11b,graphmol_boltzmann,0,0.4279169302336982,4
Li-15,graphmol_boltzmann,1,0.7857771229085232,4
07007KW,graphmol_boltzmann,0,0.004603730131021936,5
07094KW,graphmol_boltzmann,0,0.017073018942139074,5
07129KW,graphmol_boltzmann,0,0.06618763256436175,5
07036KW,graphmol_boltzmann,0,0.011248784069988723,5
07035KW,graphmol_boltzmann,0,0.055681073770175324,5
5CB,graphmol_boltzmann,0,0.1083036671202463,5
6OCB,graphmol_boltzmann,0,0.06622262724858256,5
RO-CM-7037,graphmol_boltzmann,0,0.0013015893484770644,5
PYP609,graphmol_boltzmann,0,0.006312368130952775,5
I35,graphmol_boltzmann,0,0.22131518032038397,5
5-7,graphmol_boltzmann,1,0.9182661910322837,5
6-8,graphmol_boltzmann,0,0.9464298010607343,5
3JK,graphmol_boltzmann,1,0.773190769661963,5
NT3F-5,graphmol_boltzmann,0,0.8910036645001047,5
EST-4,graphmol_boltzmann,1,0.5645632277755397,5
S4,graphmol_boltzmann,0,0.6326099527954624,5
2-2-Z0,graphmol_boltzmann,1,0.6704580951169599,5
SCUT22b,graphmol_boltzmann,1,0.7822735186796291,5
M-1-2,graphmol_boltzmann,1,0.8561643236349532,5
Li-4c,graphmol_boltzmann,1,0.9130363487915779,5
Li-12a,graphmol_boltzmann,1,0.4974795176107017,5
Li-14,graphmol_boltzmann,0,0.553875719726737,5
Li-16,graphmol_boltzmann,1,0.8302290452006348,5
Li-20,graphmol_boltzmann,0,0.1762724639849772,5
PR07117,graphmol_boltzmann,0,0.00914773866865509,6
06129KW,graphmol_boltzmann,0,0.00039003878487686104,6
06128KW,graphmol_boltzmann,0,0.0012293533762815678,6
06120KW,graphmol_boltzmann,0,0.003002155841640313,6
MJ01064,graphmol_boltzmann,0,0.005584713951289559,6
01031MR,graphmol_boltzmann,0,0.021899456053963918,6
MBBA,graphmol_boltzmann,0,9.357833568037537e-05,6
Comp114,graphmol_boltzmann,0,0.5009229198777737,6
BCH5,graphmol_boltzmann,0,0.54947948357375,6
HH33,graphmol_boltzmann,0,0.3549375613162646,6
EC8F,graphmol_boltzmann,0,0.4779109156848375,6
1O(M-O1)PEPEBNO2,graphmol_boltzmann,1,0.9098899639105812,6
1O(M-O3)PEPEBNO2,graphmol_boltzmann,1,0.8835704726764262,6
1O(M-O4)PEPEBNO2,graphmol_boltzmann,1,0.8128492829241867,6
1O(M-O9)PEPEBNO2,graphmol_boltzmann,1,0.8969762211792476,6
5-6,graphmol_boltzmann,1,0.8756459842513634,6
NT3-7,graphmol_boltzmann,1,0.8910671423256495,6
DIO-1,graphmol_boltzmann,1,0.3554025511569145,6
S7,graphmol_boltzmann,0,0.8263599418528499,6
1-2-Z1,graphmol_boltzmann,1,0.6973580941940254,6
Li-1a,graphmol_boltzmann,0,0.29872471203238915,6
Li-3a,graphmol_boltzmann,0,0.4339177084685375,6
Li-4b,graphmol_boltzmann,1,0.8338527319225493,6
Li-13b,graphmol_boltzmann,0,0.13543715033018233,6
07088KW,graphmol_boltzmann,0,0.014545463156462414,7
08117KW,graphmol_boltzmann,0,0.012472462471248932,7
PCH-3,graphmol_boltzmann,0,0.008038643048472563,7
PCH-8,graphmol_boltzmann,0,0.18170186334664434,7
PYP606,graphmol_boltzmann,0,0.0014430367510258185,7
PYP607,graphmol_boltzmann,0,0.0019343630673213927,7
RO-CM-1510,graphmol_boltzmann,0,0.0026159583917610336,7
Comp92,graphmol_boltzmann,0,0.00016953104718996442,7
HP5N,graphmol_boltzmann,0,0.4207309746052158,7
1O(M-O2)PEPEBNO2,graphmol_boltzmann,1,0.7375077366823445,7
1O(M-O8)PEPEBNO2,graphmol_boltzmann,1,0.8703708604667195,7
NT3-5,graphmol_boltzmann,1,0.8867442335674419,7
NT3F-3,graphmol_boltzmann,0,0.8215497583024536,7
S2,graphmol_boltzmann,1,0.7055838270700691,7
2-2-Z2,graphmol_boltzmann,0,0.752411233043192,7
M-0-0,graphmol_boltzmann,1,0.901127322081181,7
M-0-1,graphmol_boltzmann,1,0.8867913572826449,7
Li-1c,graphmol_boltzmann,1,0.422647304702362,7
Li-6b,graphmol_boltzmann,1,0.7073925088675007,7
Li-12b,graphmol_boltzmann,0,0.5852830141924266,7
Li-12c,graphmol_boltzmann,0,0.6332373811887638,7
Li-24,graphmol_boltzmann,0,0.29134257604275465,7
Li-29,graphmol_boltzmann,0,0.6286384874728758,7
RT08062,graphmol_boltzmann,0,0.0013345790751698233,8
06100KW,graphmol_boltzmann,0,0.009497796940346059,8
09078KW,graphmol_boltzmann,0,0.02692154753039264,8
07039KW,graphmol_boltzmann,0,0.15450901636321018,8
Acid2,graphmol_boltzmann,0,0.07704092987486494,8
Acid3,graphmol_boltzmann,0,0.11793119179190201,8
CCH-7,graphmol_boltzmann,0,0.0031789823319532716,8
CCH-301,graphmol_boltzmann,0,0.019659278333867464,8
Comp119,graphmol_boltzmann,0,0.47046513228705467,8
DIO,graphmol_boltzmann,1,0.47206015393302625,8
5-4,graphmol_boltzmann,1,0.7527109113715859,8
NT3F-2,graphmol_boltzmann,0,0.6186328688494306,8
NT3F-7,graphmol_boltzmann,0,0.9515002001177937,8
Sulfur-2,graphmol_boltzmann,1,0.7417231122412826,8
Sulfur-13,graphmol_boltzmann,0,0.5556127058404586,8
Sulfur-19,graphmol_boltzmann,0,0.26838345926537677,8
EST-3,graphmol_boltzmann,1,0.31820433211009863,8
SCUT22d,graphmol_boltzmann,1,0.9020867685152697,8
M-2-0,graphmol_boltzmann,1,0.9204143573547093,8
Li-2a,graphmol_boltzmann,1,0.45410906584377503,8
Li-5b,graphmol_boltzmann,1,0.7431313711321467,8
Li-13a,graphmol_boltzmann,0,0.12197286659981259,8
Li-21,graphmol_boltzmann,0,0.09984275351662189,8
07031KW,graphmol_boltzmann,0,0.01323187306437788,9
PR09089,graphmol_boltzmann,0,0.007674193835677503,9
06107KW,graphmol_boltzmann,0,0.017991000085575134,9
06131KW,graphmol_boltzmann,0,0.01518365854069888,9
07056KW,graphmol_boltzmann,0,0.05563747465173335,9
07038KW,graphmol_boltzmann,0,0.08264614520598337,9
7OCB,graphmol_boltzmann,0,0.018989383642780147,9
HP33,graphmol_boltzmann,0,0.3838380684457216,9
RM734,graphmol_boltzmann,1,0.8028216537096396,9
EC4F,graphmol_boltzmann,0,0.5903978788454277,9
5-9,graphmol_boltzmann,1,0.9007066156633281,9
6-3,graphmol_boltzmann,0,0.8373721726608874,9
6-4,graphmol_boltzmann,0,0.7240535829865679,9
6-9,graphmol_boltzmann,0,0.923769704269634,9
EST-2,graphmol_boltzmann,1,0.45760453463331685,9
S5,graphmol_boltzmann,1,0.7384887257200776,9
S8,graphmol_boltzmann,1,0.764536162068761,9
M-1-0,graphmol_boltzmann,1,0.9255987946309179,9
M-2-1,graphmol_boltzmann,1,0.9063764948664209,9
Li-7,graphmol_boltzmann,1,0.6738462004565736,9
Li-9b,graphmol_boltzmann,0,0.5243133182131037,9
Li-11c,graphmol_boltzmann,0,0.29550573730586804,9
Li-17a,graphmol_boltzmann,0,0.6541913632053759,9
06115KW,graphmol_boltzmann,0,0.0008225452658221777,10
MJ01041,graphmol_boltzmann,0,0.04303310062969494,10
RT08050,graphmol_boltzmann,0,0.0008542225435334672,10
06101KW,graphmol_boltzmann,0,0.019542372766480326,10
08125KW,graphmol_boltzmann,0,0.03137002555796198,10
08128KW,graphmol_boltzmann,0,0.006509496320719125,10
Acid1,graphmol_boltzmann,0,0.002275082836774038,10
Comp36,graphmol_boltzmann,0,0.0018119195002255272,10
Comp49,graphmol_boltzmann,0,0.016171599251384953,10
Comp93,graphmol_boltzmann,0,4.241139737890544e-05,10
EC5F,graphmol_boltzmann,1,0.6634547418040181,10
EC7F,graphmol_boltzmann,0,0.6868141476179292,10
RM734-2,graphmol_boltzmann,1,0.6284597235289234,10
NT3-1,graphmol_boltzmann,1,0.7429289933078825,10
NT3-3,graphmol_boltzmann,1,0.8664504149485279,10
Sulfur-15,graphmol_boltzmann,1,0.2382004920925079,10
DIO-2,graphmol_boltzmann,1,0.8444322951125278,10
DIO-3,graphmol_boltzmann,1,0.7660229878676519,10
S6,graphmol_boltzmann,0,0.764238026747196,10
1-2-Z2,graphmol_boltzmann,1,0.6655623761434228,10
Li-9a,graphmol_boltzmann,0,0.6395243348438954,10
Li-10b,graphmol_boltzmann,0,0.6176302738209503,10
Li-18,graphmol_boltzmann,0,0.7209993729343189,10
MJ01077,graphmol_dipole,0,0.009244933186409586,1
MJ01075,graphmol_dipole,0,0.008650490948841278,1
RT09068,graphmol_dipole,0,0.020230742943089536,1
07004KW,graphmol_dipole,0,0.024362052886805458,1
08118KW,graphmol_dipole,0,0.0072917518404444865,1
09079KW,graphmol_dipole,0,0.23329260203556887,1
Acid4,graphmol_dipole,0,0.13706951360433728,1
Comp89,graphmol_dipole,0,0.002102460687879553,1
Comp120,graphmol_dipole,0,0.011167120512537404,1
EC2F,graphmol_dipole,1,0.46080056837101996,1
RM734-3,graphmol_dipole,0,0.47453708078985357,1
5-5,graphmol_dipole,1,0.8141788784858146,1
6-2,graphmol_dipole,0,0.5453040180762343,1
6-5,graphmol_dipole,0,0.8163487435881424,1
UUQU-4-N,graphmol_dipole,0,0.9076583909509555,1
NT3-2,graphmol_dipole,1,0.644874410747355,1
NT3F-4,graphmol_dipole,0,0.7430027213876292,1
Sulfur-7,graphmol_dipole,1,0.7695991916709274,1
S3,graphmol_dipole,1,0.7132389643157964,1
O5,graphmol_dipole,1,0.5869991535209357,1
SCUT1b,graphmol_dipole,1,0.547520024612835,1
M-2-2,graphmol_dipole,1,0.8252998212701228,1
Li-11a,graphmol_dipole,0,0.6454438016112403,1
Li-22,graphmol_dipole,0,0.8076343930226564,1
06121KW,graphmol_dipole,0,0.006998960569028552,2
MJ01066,graphmol_dipole,0,0.01764488765671742,2
PR10004,graphmol_dipole,0,0.014975320602255846,2
08141KW,graphmol_dipole,0,0.055176900052785596,2
07099KW,graphmol_dipole,0,0.003735356460982077,2
AF01009,graphmol_dipole,0,0.0017761507336914776,2
08116KW,graphmol_dipole,0,0.0003739653453428673,2
08131KW,graphmol_dipole,0,0.009689673353392589,2
6CB,graphmol_dipole,0,0.27327223851038346,2
PCH-4,graphmol_dipole,0,0.013352933871327305,2
PCH-5,graphmol_dipole,0,0.01909578648872969,2
PCH-7,graphmol_dipole,0,0.04763146355689867,2
EC1F,graphmol_dipole,1,0.5462915500711484,2
EC3F,graphmol_dipole,1,0.663221828125941,2
1O(M-O6)PEPEBNO2,graphmol_dipole,1,0.9199846894479459,2
6-6,graphmol_dipole,0,0.8968618262555496,2
NT3F-1,graphmol_dipole,1,0.6045006921875431,2
Sulfur-14,graphmol_dipole,1,0.3820722710136146,2
3CN,graphmol_dipole,1,0.6313445330557534,2
M-0-2,graphmol_dipole,1,0.858819708920498,2
Li-4a,graphmol_dipole,0,0.6596616620577894,2
Li-9c,graphmol_dipole,1,0.40212831978743213,2
Li-19,graphmol_dipole,0,0.3273765034192753,2
Li-23,graphmol_dipole,1,0.5241826550773323,2
06119KW,graphmol_dipole,0,0.003542332096385263,3
MJ01071,graphmol_dipole,0,0.006083715110247976,3
MJ01073,graphmol_dipole,0,0.012436695947527098,3
08119KW,graphmol_dipole,0,0.03804692536021928,3
08123KW,graphmol_dipole,0,0.0321866934632309,3
7CB,graphmol_dipole,0,0.08605934703486828,3
5OCB,graphmol_dipole,0,0.07340641700326528,3
Comp35,graphmol_dipole,0,0.002316862610302726,3
PYP605,graphmol_dipole,0,0.0012701602825132255,3
Comp113,graphmol_dipole,0,0.07090658293177822,3
BCH52F,graphmol_dipole,0,0.6170476948224374,3
I32,graphmol_dipole,0,0.20779894194507367,3
EC6F,graphmol_dipole,1,0.4608811036384305,3
1O(M-O5)PEPEBNO2,graphmol_dipole,1,0.9387802155661628,3
1O(M-O7)PEPEBNO2,graphmol_dipole,1,0.8773692560900133,3
5-8,graphmol_dipole,1,0.8939341236782803,3
6-1,graphmol_dipole,1,0.614963892419922,3
6-7,graphmol_dipole,0,0.9080989956769271,3
NT3-4,graphmol_dipole,1,0.7680327554599041,3
EST-1,graphmol_dipole,1,0.6719052760012303,3
2-2-Z1,graphmol_dipole,0,0.7524737576326206,3
SCUT22c,graphmol_dipole,1,0.836298383794446,3
Li-10a,graphmol_dipole,0,0.5119628630444715,3
Li-25,graphmol_dipole,1,0.6084709327352885,3
MJ01056,graphmol_dipole,0,0.00908987012819778,4
RT08049,graphmol_dipole,0,0.0040238797058168825,4
07080KW,graphmol_dipole,0,0.0527022617793726,4
Acid5-HOBA,graphmol_dipole,0,0.005683495846387213,4
RO-CM-4513,graphmol_dipole,0,0.005818944926575033,4
RO-CM-1540,graphmol_dipole,0,0.002896705264661353,4
Comp97,graphmol_dipole,0,0.00736675115325802,4
5-2,graphmol_dipole,1,0.6494388478363595,4
5-3,graphmol_dipole,1,0.8748624531924526,4
NT3-6,graphmol_dipole,1,0.8015591572841233,4
NT3F-6,graphmol_dipole,0,0.8562015735931231,4
Sulfur-12,graphmol_dipole,0,0.531999330777104,4
Sulfur-18,graphmol_dipole,0,0.4470765494939348,4
O6,graphmol_dipole,0,0.45352507675236386,4
SCUT1a,graphmol_dipole,1,0.8426164256130347,4
SCUT7a,graphmol_dipole,1,0.5798967043286735,4
SCUT23a,graphmol_dipole,0,0.8915083217927195,4
M-1-1,graphmol_dipole,1,0.8835183128694594,4
Li-1b,graphmol_dipole,0,0.49682956373086146,4
Li-5a,graphmol_dipole,0,0.7610481641318528,4
Li-5c,graphmol_dipole,1,0.8173164912712488,4
Li-8,graphmol_dipole,1,0.8108086335366074,4
Li-11b,graphmol_dipole,0,0.4339948829916609,4
Li-15,graphmol_dipole,1,0.756232389014795,4
07007KW,graphmol_dipole,0,0.00502537686458256,5
07094KW,graphmol_dipole,0,0.01851084715948069,5
07129KW,graphmol_dipole,0,0.06465275251447744,5
07036KW,graphmol_dipole,0,0.012075754931479329,5
07035KW,graphmol_dipole,0,0.05623470648351955,5
5CB,graphmol_dipole,0,0.10990231055461898,5
6OCB,graphmol_dipole,0,0.06802639163865146,5
RO-CM-7037,graphmol_dipole,0,0.0014307315446299839,5
PYP609,graphmol_dipole,0,0.0068809141636364,5
I35,graphmol_dipole,0,0.2210623298221933,5
5-7,graphmol_dipole,1,0.9187490178669265,5
6-8,graphmol_dipole,0,0.946879475151773,5
3JK,graphmol_dipole,1,0.7590390955054039,5
NT3F-5,graphmol_dipole,0,0.8949528653190414,5
EST-4,graphmol_dipole,1,0.5350099665873709,5
S4,graphmol_dipole,0,0.6315117858790442,5
2-2-Z0,graphmol_dipole,1,0.668890495276164,5
SCUT22b,graphmol_dipole,1,0.7843439529520458,5
M-1-2,graphmol_dipole,1,0.8590791686585894,5
Li-4c,graphmol_dipole,1,0.9170293535162829,5
Li-12a,graphmol_dipole,1,0.49191076385592547,5
Li-14,graphmol_dipole,0,0.5598348910806009,5
Li-16,graphmol_dipole,1,0.8252506052516193,5
Li-20,graphmol_dipole,0,0.16711119098911617,5
PR07117,graphmol_dipole,0,0.008730435818389533,6
06129KW,graphmol_dipole,0,0.000335648762728967,6
06128KW,graphmol_dipole,0,0.0011039020312386802,6
06120KW,graphmol_dipole,0,0.0027374036335361396,6
MJ01064,graphmol_dipole,0,0.005040733133099917,6
01031MR,graphmol_dipole,0,0.02060239286773571,6
MBBA,graphmol_dipole,0,0.00010033698036593948,6
Comp114,graphmol_dipole,0,0.568512884370477,6
BCH5,graphmol_dipole,0,0.6150677361744281,6
HH33,graphmol_dipole,0,0.3486463239879526,6
EC8F,graphmol_dipole,0,0.4770897994300231,6
1O(M-O1)PEPEBNO2,graphmol_dipole,1,0.9075967979645015,6
1O(M-O3)PEPEBNO2,graphmol_dipole,1,0.8795878273151089,6
1O(M-O4)PEPEBNO2,graphmol_dipole,1,0.821895889332239,6
1O(M-O9)PEPEBNO2,graphmol_dipole,1,0.8953840894099696,6
5-6,graphmol_dipole,1,0.8699723471560359,6
NT3-7,graphmol_dipole,1,0.889753012286453,6
DIO-1,graphmol_dipole,1,0.3743795987323124,6
S7,graphmol_dipole,0,0.828391681258873,6
1-2-Z1,graphmol_dipole,1,0.6902102040684207,6
Li-1a,graphmol_dipole,0,0.29531488194296757,6
Li-3a,graphmol_dipole,0,0.4083977989706512,6
Li-4b,graphmol_dipole,1,0.826601506483179,6
Li-13b,graphmol_dipole,0,0.13012668987422582,6
07088KW,graphmol_dipole,0,0.014122715307858911,7
08117KW,graphmol_dipole,0,0.012538696653978198,7
PCH-3,graphmol_dipole,0,0.009137672790137432,7
PCH-8,graphmol_dipole,0,0.20172011243811314,7
PYP606,graphmol_dipole,0,0.0013250275487689243,7
PYP607,graphmol_dipole,0,0.0018040308664858118,7
RO-CM-1510,graphmol_dipole,0,0.0025800345515960025,7
Comp92,graphmol_dipole,0,0.0001631325348862939,7
HP5N,graphmol_dipole,0,0.41919714797340857,7
1O(M-O2)PEPEBNO2,graphmol_dipole,1,0.7313725852341401,7
1O(M-O8)PEPEBNO2,graphmol_dipole,1,0.8701477422370325,7
NT3-5,graphmol_dipole,1,0.8846785788869468,7
NT3F-3,graphmol_dipole,0,0.821301121271543,7
S2,graphmol_dipole,1,0.7029768061792582,7
2-2-Z2,graphmol_dipole,0,0.7498813217783654,7
M-0-0,graphmol_dipole,1,0.9038144955878313,7
M-0-1,graphmol_dipole,1,0.8861507435119418,7
Li-1c,graphmol_dipole,1,0.41915155063266657,7
Li-6b,graphmol_dipole,1,0.6916947464858182,7
Li-12b,graphmol_dipole,0,0.5774624345140065,7
Li-12c,graphmol_dipole,0,0.6415116263283017,7
Li-24,graphmol_dipole,0,0.2988393545358119,7
Li-29,graphmol_dipole,0,0.6223294563626676,7
RT08062,graphmol_dipole,0,0.0012794267853058338,8
06100KW,graphmol_dipole,0,0.009173889226372807,8
09078KW,graphmol_dipole,0,0.02666292639945366,8
07039KW,graphmol_dipole,0,0.1516571456979741,8
Acid2,graphmol_dipole,0,0.07697798208087402,8
Acid3,graphmol_dipole,0,0.11630789383430708,8
CCH-7,graphmol_dipole,0,0.003035775665634216,8
CCH-301,graphmol_dipole,0,0.018655173322945175,8
Comp119,graphmol_dipole,0,0.5006743850728086,8
DIO,graphmol_dipole,1,0.47976522547039546,8
5-4,graphmol_dipole,1,0.7489560063477235,8
NT3F-2,graphmol_dipole,0,0.6122558618931355,8
NT3F-7,graphmol_dipole,0,0.9513279658241991,8
Sulfur-2,graphmol_dipole,1,0.7401452636576747,8
Sulfur-13,graphmol_dipole,0,0.5586455627668024,8
Sulfur-19,graphmol_dipole,0,0.27107659968270664,8
EST-3,graphmol_dipole,1,0.32236416833861176,8
SCUT22d,graphmol_dipole,1,0.9018252048711582,8
M-2-0,graphmol_dipole,1,0.9225113701410668,8
Li-2a,graphmol_dipole,1,0.45126678315798263,8
Li-5b,graphmol_dipole,1,0.7374926242401295,8
Li-13a,graphmol_dipole,0,0.12230207613214714,8
Li-21,graphmol_dipole,0,0.09856892894161651,8
07031KW,graphmol_dipole,0,0.014220984214825708,9
PR09089,graphmol_dipole,0,0.008647469943908723,9
06107KW,graphmol_dipole,0,0.01901797619153267,9
06131KW,graphmol_dipole,0,0.016639637227929976,9
07056KW,graphmol_dipole,0,0.05947456029118493,9
07038KW,graphmol_dipole,0,0.08914010675398866,9
7OCB,graphmol_dipole,0,0.021568593398644764,9
HP33,graphmol_dipole,0,0.39376362925103897,9
RM734,graphmol_dipole,1,0.8060216912307453,9
EC4F,graphmol_dipole,0,0.5978437955023227,9
5-9,graphmol_dipole,1,0.9032553474765204,9
6-3,graphmol_dipole,0,0.8398684579537188,9
6-4,graphmol_dipole,0,0.7382440749667945,9
6-9,graphmol_dipole,0,0.9279720355763896,9
EST-2,graphmol_dipole,1,0.4534206451564209,9
S5,graphmol_dipole,1,0.7310781753113823,9
S8,graphmol_dipole,1,0.7642873810338983,9
M-1-0,graphmol_dipole,1,0.9208002147891822,9
M-2-1,graphmol_dipole,1,0.8966476301806044,9
Li-7,graphmol_dipole,1,0.6548929941560484,9
Li-9b,graphmol_dipole,0,0.5233840500501401,9
Li-11c,graphmol_dipole,0,0.2967169367975046,9
Li-17a,graphmol_dipole,0,0.6652348346102188,9
06115KW,graphmol_dipole,0,0.0007739654511477245,10
MJ01041,graphmol_dipole,0,0.04230239315765641,10
RT08050,graphmol_dipole,0,0.000812197844648909,10
06101KW,graphmol_dipole,0,0.019333790570651047,10
08125KW,graphmol_dipole,0,0.030484151247111867,10
08128KW,graphmol_dipole,0,0.0061696341677952024,10
Acid1,graphmol_dipole,0,0.002249364206233806,10
Comp36,graphmol_dipole,0,0.0017311630963235218,10
Comp49,graphmol_dipole,0,0.015321181268161638,10
Comp93,graphmol_dipole,0,4.144065996287872e-05,10
EC5F,graphmol_dipole,1,0.6680437583224439,10
EC7F,graphmol_dipole,0,0.6921581767907093,10
RM734-2,graphmol_dipole,1,0.627994001832028,10
NT3-1,graphmol_dipole,1,0.7421067855623965,10
NT3-3,graphmol_dipole,1,0.8665410027590977,10
Sulfur-15,graphmol_dipole,1,0.23330353836743223,10
DIO-2,graphmol_dipole,1,0.8407157395940363,10
DIO-3,graphmol_dipole,1,0.763318976368826,10
S6,graphmol_dipole,0,0.764220271077424,10
1-2-Z2,graphmol_dipole,1,0.6657619946057651,10
Li-9a,graphmol_dipole,0,0.6352454188133937,10
Li-10b,graphmol_dipole,0,0.6204536681206806,10
Li-18,graphmol_dipole,0,0.719000259100292,10
